-- phpMyAdmin SQL Dump
-- version 4.0.4
-- http://www.phpmyadmin.net
--
-- 主机: localhost
-- 生成日期: 2014 年 04 月 29 日 08:23
-- 服务器版本: 5.6.12-log
-- PHP 版本: 5.4.12

SET SQL_MODE = "NO_AUTO_VALUE_ON_ZERO";
SET time_zone = "+00:00";


/*!40101 SET @OLD_CHARACTER_SET_CLIENT=@@CHARACTER_SET_CLIENT */;
/*!40101 SET @OLD_CHARACTER_SET_RESULTS=@@CHARACTER_SET_RESULTS */;
/*!40101 SET @OLD_COLLATION_CONNECTION=@@COLLATION_CONNECTION */;
/*!40101 SET NAMES utf8 */;

--
-- 数据库: `pm-tools-os`
--
CREATE DATABASE IF NOT EXISTS `pm-tools-os` DEFAULT CHARACTER SET utf8 COLLATE utf8_general_ci;
USE `pm-tools-os`;

-- --------------------------------------------------------

--
-- 表的结构 `member_depot`
--

CREATE TABLE IF NOT EXISTS `member_depot` (
  `id` int(11) NOT NULL AUTO_INCREMENT,
  `userid` int(11) NOT NULL COMMENT '用户ID',
  `dname` varchar(50) NOT NULL COMMENT '仓库别名',
  `dtype` varchar(8) NOT NULL COMMENT '仓库类型',
  `ctype` varchar(5) NOT NULL COMMENT '权限(管理,只读)',
  `keys` varchar(6) NOT NULL COMMENT 'dwz/rldwz',
  `hide` int(11) NOT NULL DEFAULT '0' COMMENT '隐藏(0:不,1:是)',
  `updatetime` timestamp NOT NULL DEFAULT CURRENT_TIMESTAMP COMMENT '连接时间',
  UNIQUE KEY `id` (`id`),
  KEY `userid` (`userid`,`dtype`,`ctype`,`keys`)
) ENGINE=InnoDB  DEFAULT CHARSET=utf8 AUTO_INCREMENT=14 ;

--
-- 转存表中的数据 `member_depot`
--

INSERT INTO `member_depot` (`id`, `userid`, `dname`, `dtype`, `ctype`, `keys`, `hide`, `updatetime`) VALUES
(3, 2, 'XX工具', 'setup', 'rldwz', '1Xcfl3', 0, '2014-04-25 08:58:16'),
(5, 2, 'XX工具', 'plan', 'rldwz', '1ursI3', 0, '2014-04-25 09:05:18'),
(7, 2, 'GM工具(第一次迭代)', 'tasks', 'rldwz', '5inSE1', 0, '2014-04-25 09:06:14'),
(9, 2, 'GM工具(第二次迭代)', 'tasks', 'rldwz', '1K8403', 0, '2014-04-25 09:06:37'),
(10, 1, 'XX工具', 'setup', 'dwz', '18v4N4', 0, '2014-04-25 09:08:05'),
(11, 1, 'XX工具', 'plan', 'dwz', '52D3A1', 0, '2014-04-25 09:08:08'),
(12, 1, 'GM工具(第二次迭代)', 'tasks', 'dwz', '1Zu2Y3', 0, '2014-04-25 09:08:10'),
(13, 1, 'GM工具(第一次迭代)', 'tasks', 'dwz', '1psvu3', 0, '2014-04-25 09:08:14');

-- --------------------------------------------------------

--
-- 表的结构 `rbac_auth`
--

CREATE TABLE IF NOT EXISTS `rbac_auth` (
  `node_id` int(11) NOT NULL COMMENT '节点ID',
  `role_id` int(11) NOT NULL COMMENT '角色ID',
  UNIQUE KEY `nid_rid` (`node_id`,`role_id`)
) ENGINE=MyISAM DEFAULT CHARSET=utf8 COMMENT='角色与节点对应表';

--
-- 转存表中的数据 `rbac_auth`
--

INSERT INTO `rbac_auth` (`node_id`, `role_id`) VALUES
(1, 1),
(2, 1),
(3, 1),
(4, 1),
(5, 1),
(6, 1),
(7, 1),
(8, 1),
(9, 1),
(10, 1),
(11, 1),
(12, 1),
(13, 1),
(14, 1),
(15, 1),
(16, 1),
(17, 1),
(18, 1),
(18, 2),
(19, 1),
(19, 2),
(20, 1),
(21, 1),
(22, 1),
(22, 2),
(23, 1),
(23, 2),
(24, 1),
(24, 2),
(25, 1),
(25, 2),
(26, 1),
(26, 2),
(27, 1),
(27, 2),
(28, 1),
(28, 2),
(29, 1),
(29, 2),
(30, 1),
(30, 2),
(31, 1),
(31, 2),
(32, 1),
(32, 2),
(33, 1),
(33, 2),
(34, 1),
(35, 1),
(35, 2),
(36, 1),
(37, 1),
(38, 1),
(39, 1),
(40, 1),
(41, 1),
(42, 1),
(42, 2),
(43, 1),
(43, 2),
(44, 1),
(44, 2),
(45, 1),
(45, 2),
(46, 1),
(46, 2),
(47, 1),
(48, 1),
(48, 2),
(49, 1),
(49, 2),
(50, 1),
(50, 2),
(51, 1),
(51, 2),
(52, 1),
(53, 1),
(54, 1),
(54, 2),
(55, 1),
(55, 2),
(56, 1),
(56, 2),
(57, 1),
(57, 2);

-- --------------------------------------------------------

--
-- 表的结构 `rbac_menu`
--

CREATE TABLE IF NOT EXISTS `rbac_menu` (
  `id` int(11) NOT NULL AUTO_INCREMENT,
  `title` varchar(100) NOT NULL COMMENT '导航名称',
  `node_id` int(11) DEFAULT NULL COMMENT '节点ID',
  `p_id` int(11) DEFAULT NULL COMMENT '导航父id',
  `sort` int(11) NOT NULL DEFAULT '0' COMMENT '排序',
  `status` int(11) DEFAULT '1' COMMENT '状态(1:正常,0:停用)',
  PRIMARY KEY (`id`)
) ENGINE=MyISAM  DEFAULT CHARSET=utf8 COMMENT='菜单表' AUTO_INCREMENT=31 ;

--
-- 转存表中的数据 `rbac_menu`
--

INSERT INTO `rbac_menu` (`id`, `title`, `node_id`, `p_id`, `sort`, `status`) VALUES
(1, '后台管理', NULL, NULL, 9, 1),
(2, '节点管理', 5, 1, 2, 1),
(3, '导航管理', 1, 1, 1, 1),
(4, '人员管理', 14, 1, 4, 1),
(5, '角色管理', 9, 1, 3, 1),
(12, '工具仓库', 0, NULL, 3, 1),
(13, '立项仓库', 22, 12, 1, 1),
(14, '计划仓库', 23, 12, 2, 1),
(15, '任务仓库', 24, 12, 3, 1),
(16, '文档仓库', 25, 12, 4, 1),
(17, '会议仓库', 26, 12, 5, 1);

-- --------------------------------------------------------

--
-- 表的结构 `rbac_node`
--

CREATE TABLE IF NOT EXISTS `rbac_node` (
  `id` int(11) NOT NULL AUTO_INCREMENT,
  `dirc` varchar(20) NOT NULL COMMENT '目录',
  `cont` varchar(20) NOT NULL COMMENT '控制器',
  `func` varchar(20) NOT NULL COMMENT '方法',
  `memo` varchar(25) DEFAULT NULL COMMENT '备注',
  `status` int(11) NOT NULL DEFAULT '1' COMMENT '状态(1:正常,0:停用)',
  PRIMARY KEY (`id`),
  UNIQUE KEY `d_c_f` (`dirc`,`cont`,`func`)
) ENGINE=MyISAM  DEFAULT CHARSET=utf8 COMMENT='节点表' AUTO_INCREMENT=58 ;

--
-- 转存表中的数据 `rbac_node`
--

INSERT INTO `rbac_node` (`id`, `dirc`, `cont`, `func`, `memo`, `status`) VALUES
(1, 'manage', 'menu', 'index', '导航管理', 1),
(2, 'manage', 'menu', 'edit', '导航修改', 1),
(3, 'manage', 'menu', 'delete', '导航删除', 1),
(4, 'manage', 'menu', 'add', '导航新增', 1),
(5, 'manage', 'node', 'index', '节点管理', 1),
(6, 'manage', 'node', 'add', '节点新增', 1),
(7, 'manage', 'node', 'delete', '节点删除', 1),
(8, 'manage', 'node', 'edit', '节点修改', 1),
(9, 'manage', 'role', 'index', '角色管理', 1),
(10, 'manage', 'role', 'action', '角色赋权', 1),
(11, 'manage', 'role', 'delete', '角色删除', 1),
(12, 'manage', 'role', 'edit', '角色修改', 1),
(13, 'manage', 'role', 'add', '角色新增', 1),
(14, 'manage', 'member', 'index', '人员管理', 1),
(15, 'manage', 'member', 'edit', '人员修改', 1),
(16, 'manage', 'member', 'delete', '人员删除', 1),
(17, 'manage', 'member', 'add', '人员新增', 1),
(22, 'member', 'depot', 'setup', '立项仓库', 1),
(23, 'member', 'depot', 'plan', '阶段仓库', 1),
(24, 'member', 'depot', 'tasks', '任务仓库', 1),
(25, 'member', 'depot', 'docs', '文档仓库', 1),
(26, 'member', 'depot', 'meeting', '会议仓库', 1),
(27, 'member', 'depot', 'set_depot', '加入仓库', 1),
(33, 'member', 'depot', 'edit_depot', '修改仓库别称', 1),
(35, 'member', 'depot', 'hide_depot', '隐藏条目', 1);

-- --------------------------------------------------------

--
-- 表的结构 `rbac_role`
--

CREATE TABLE IF NOT EXISTS `rbac_role` (
  `id` int(11) NOT NULL AUTO_INCREMENT,
  `rolename` varchar(25) NOT NULL COMMENT '角色名',
  `status` int(11) NOT NULL DEFAULT '1' COMMENT '状态(1:正常,0停用)',
  PRIMARY KEY (`id`),
  UNIQUE KEY `rolename` (`rolename`)
) ENGINE=MyISAM  DEFAULT CHARSET=utf8 COMMENT='角色表' AUTO_INCREMENT=5 ;

--
-- 转存表中的数据 `rbac_role`
--

INSERT INTO `rbac_role` (`id`, `rolename`, `status`) VALUES
(1, '管理员', 1),
(2, '员工', 1);

-- --------------------------------------------------------

--
-- 表的结构 `rbac_user`
--

CREATE TABLE IF NOT EXISTS `rbac_user` (
  `id` int(11) NOT NULL AUTO_INCREMENT,
  `username` varchar(20) NOT NULL COMMENT '用户名',
  `password` varchar(50) NOT NULL COMMENT '密码',
  `nickname` varchar(20) NOT NULL COMMENT '昵称',
  `email` varchar(25) NOT NULL COMMENT 'Email',
  `depart` varchar(30) DEFAULT NULL COMMENT '部门',
  `role_id` int(11) DEFAULT NULL COMMENT '角色ID',
  `status` int(11) NOT NULL DEFAULT '1' COMMENT '状态(1:正常,0:停用)',
  PRIMARY KEY (`id`),
  UNIQUE KEY `username` (`username`),
  UNIQUE KEY `email` (`email`)
) ENGINE=MyISAM  DEFAULT CHARSET=utf8 COMMENT='用户表' AUTO_INCREMENT=3 ;

--
-- 转存表中的数据 `rbac_user`
--

INSERT INTO `rbac_user` (`id`, `username`, `password`, `nickname`, `email`, `depart`, `role_id`, `status`) VALUES
(1, 'admin', 'c4ca4238a0b923820dcc509a6f75849b', 'ToryZen', 'toryzen@hotmail.com', NULL, 1, 1),
(2, 'test', '098f6bcd4621d373cade4e832627b4f6', 'TESTer', 'test@test.com', NULL, 2, 1);

-- --------------------------------------------------------

--
-- 表的结构 `system_tools_log`
--

CREATE TABLE IF NOT EXISTS `system_tools_log` (
  `id` int(11) NOT NULL AUTO_INCREMENT,
  `tid` int(11) NOT NULL COMMENT 'Tools_ID',
  `ttype` varchar(10) NOT NULL COMMENT 'Tools_类型',
  `title` varchar(20) NOT NULL COMMENT '标题',
  `contents` varchar(100) NOT NULL COMMENT '内容',
  `auser` varchar(10) NOT NULL COMMENT '操作人',
  `aip` varchar(15) NOT NULL COMMENT '操作IP',
  `intime` timestamp NOT NULL DEFAULT CURRENT_TIMESTAMP COMMENT '操作时间',
  `old_data` text NOT NULL COMMENT '原始数据',
  PRIMARY KEY (`id`)
) ENGINE=InnoDB  DEFAULT CHARSET=utf8 AUTO_INCREMENT=121 ;

--
-- 转存表中的数据 `system_tools_log`
--

INSERT INTO `system_tools_log` (`id`, `tid`, `ttype`, `title`, `contents`, `auser`, `aip`, `intime`, `old_data`) VALUES
(1, 4, 'docs', '新建', '新建文件夹(hahahahah)', '0', '::1', '2014-04-04 06:14:21', ''),
(2, 4, 'docs', '修改', '文件夹名称修改为(2222)', '0', '::1', '2014-04-04 06:18:25', 'a:4:{s:2:"id";s:1:"4";s:5:"bname";s:9:"hahahahah";s:3:"dwz";s:6:"1DHcW4";s:5:"rldwz";s:5:"34VbM";}'),
(3, 4, 'docs', '修改', '文件夹名称修改为(heheheheh)', '黄振', '::1', '2014-04-04 06:19:37', 'a:4:{s:2:"id";s:1:"4";s:5:"bname";s:4:"2222";s:3:"dwz";s:6:"1DHcW4";s:5:"rldwz";s:5:"34VbM";}'),
(4, 4, 'docs', '上传文件', '上传文件(5_系统详细设计.docx)', '黄振', '::1', '2014-04-04 06:24:10', ''),
(5, 4, 'docs', '删除文件', '删除文件(a)', '黄振', '::1', '2014-04-04 06:24:25', 'a:8:{s:2:"id";s:2:"15";s:3:"fid";s:1:"4";s:5:"fname";s:25:"5_系统详细设计.docx";s:5:"fsize";s:6:"181182";s:5:"ftype";s:15:"application/vnd";s:10:"updatetime";s:19:"2014-04-04 06:24:10";s:3:"dwz";s:5:"IsX21";s:6:"is_del";s:1:"0";}'),
(6, 4, 'docs', '上传文件', '上传文件(5_系统详细设计.docx)', '黄振', '::1', '2014-04-04 06:25:29', ''),
(7, 4, 'docs', '删除文件', '删除文件(5_系统详细设计.docx)', '黄振', '::1', '2014-04-04 06:25:32', 'a:8:{s:2:"id";s:2:"16";s:3:"fid";s:1:"4";s:5:"fname";s:25:"5_系统详细设计.docx";s:5:"fsize";s:6:"181182";s:5:"ftype";s:15:"application/vnd";s:10:"updatetime";s:19:"2014-04-04 06:25:29";s:3:"dwz";s:5:"kRh0T";s:6:"is_del";s:1:"0";}'),
(8, 2, 'meeting', '新建会议夹', '新建会议夹(fafasfs)', '黄振', '::1', '2014-04-04 06:31:45', ''),
(9, 2, 'meeting', '更新会议', '更新会议', '黄振', '::1', '2014-04-04 06:32:20', 'a:2:{s:7:"meeting";a:4:{s:2:"id";s:1:"2";s:5:"bname";s:7:"fafasfs";s:3:"dwz";s:6:"1RvlC4";s:5:"rldwz";s:6:"10AZg3";}s:4:"list";a:1:{i:0;a:8:{s:2:"id";s:1:"2";s:3:"fid";s:1:"2";s:5:"mname";s:3:"asd";s:9:"begintime";s:19:"2014-04-03 14:31:42";s:6:"people";s:3:"asd";s:4:"info";s:0:"";s:4:"memo";s:0:"";s:6:"is_del";s:1:"0";}}}'),
(10, 3, 'setup', '新建', '新建立项工具(123321312)', '黄振', '::1', '2014-04-04 06:44:03', ''),
(11, 3, 'setup', '更新立项', '更新立项信息', '黄振', '::1', '2014-04-04 06:44:15', 'a:1:{i:0;a:9:{s:2:"id";s:1:"3";s:5:"bname";s:9:"123321312";s:7:"describ";s:9:"321321312";s:10:"background";s:9:"321231321";s:6:"demand";s:9:"312321132";s:7:"meaning";s:9:"321132132";s:5:"other";s:41:"a:2:{s:4:"name";a:0:{}s:5:"value";a:0:{}}";s:3:"dwz";s:6:"4DzAC1";s:5:"rldwz";s:6:"gkxpG2";}}'),
(12, 23, 'plan', '新建', '新建任务工具(afdasfd)', '黄振', '::1', '2014-04-04 06:44:32', ''),
(13, 23, 'tasks', '更新任务', '更新面板与任务数据', '黄振', '::1', '2014-04-04 06:44:39', 'a:2:{s:5:"tasks";a:7:{s:2:"id";s:2:"23";s:5:"bname";s:7:"afdasfd";s:9:"begintime";s:10:"2014-04-17";s:7:"endtime";s:10:"2014-04-19";s:10:"exceptdays";s:14:"["2014-04-18"]";s:3:"dwz";s:6:"6O9RJ1";s:5:"rldwz";s:4:"DHm4";}s:4:"list";a:1:{i:0;a:7:{s:2:"id";s:2:"34";s:3:"fid";s:2:"23";s:5:"story";s:7:"adfsdfa";s:5:"owner";s:4:"adsf";s:7:"expendt";s:10:"2014-04-04";s:8:"workload";s:23:"{"04-17":"","04-19":""}";s:6:"is_del";s:1:"0";}}}'),
(14, 0, 'tasks', '更新任务剩余工作量', '更新任务剩余工作量任务ID:34;时间:04-17变更为:1', '黄振', '::1', '2014-04-04 06:44:44', 'a:3:{s:2:"id";s:2:"34";s:8:"workload";s:23:"{"04-17":"","04-19":""}";s:3:"fid";s:2:"23";}'),
(15, 0, 'tasks', '更新任务剩余工作量', '更新任务剩余工作量任务ID:34;时间:04-19变更为:2', '黄振', '::1', '2014-04-04 06:44:45', 'a:3:{s:2:"id";s:2:"34";s:8:"workload";s:24:"{"04-17":"1","04-19":""}";s:3:"fid";s:2:"23";}'),
(16, 0, 'tasks', '更新任务剩余工作量', '更新任务剩余工作量任务ID:34；时间:04-19；变更为:1', '黄振', '::1', '2014-04-04 06:45:12', 'a:3:{s:2:"id";s:2:"34";s:8:"workload";s:25:"{"04-17":"1","04-19":"2"}";s:3:"fid";s:2:"23";}'),
(17, 0, 'tasks', '更新任务剩余工作量', '任务ID:34;时间:04-19;剩余:2', '黄振', '::1', '2014-04-04 06:45:41', 'a:3:{s:2:"id";s:2:"34";s:8:"workload";s:25:"{"04-17":"1","04-19":"1"}";s:3:"fid";s:2:"23";}'),
(18, 3, 'meeting', '新建会议工具', '新建会议夹(saddsasda)', '黄振', '::1', '2014-04-04 06:45:56', ''),
(19, 3, 'meeting', '更新会议', '更新会议', '黄振', '::1', '2014-04-04 06:46:04', 'a:2:{s:7:"meeting";a:4:{s:2:"id";s:1:"3";s:5:"bname";s:9:"saddsasda";s:3:"dwz";s:5:"WiY8u";s:5:"rldwz";s:6:"qIqRj1";}s:4:"list";a:1:{i:0;a:8:{s:2:"id";s:1:"3";s:3:"fid";s:1:"3";s:5:"mname";s:3:"123";s:9:"begintime";s:19:"2014-04-10 14:45:54";s:6:"people";s:0:"";s:4:"info";s:0:"";s:4:"memo";s:0:"";s:6:"is_del";s:1:"0";}}}'),
(20, 0, 'tasks', '更新任务剩余工作量', '任务ID:13;时间:03-26;剩余:1', '黄振', '::1', '2014-04-04 06:47:34', 'a:3:{s:2:"id";s:2:"13";s:8:"workload";s:87:"{"03-26":"0","03-18":"0.2","03-19":"1","03-20":"4","03-21":"1","03-24":"1","03-25":"1"}";s:3:"fid";s:1:"1";}'),
(21, 0, 'tasks', '更新任务剩余工作量', '任务ID:12;时间:03-26;剩余:2', '黄振', '::1', '2014-04-04 06:47:35', 'a:3:{s:2:"id";s:2:"12";s:8:"workload";s:97:"{"03-18":"0.5","03-19":"0.5","03-20":"0.4","03-21":"0.4","03-24":"0.4","03-25":"0.1","03-26":"0"}";s:3:"fid";s:1:"1";}'),
(22, 0, 'tasks', '更新任务剩余工作量', '任务ID:11;时间:03-26;剩余:1', '黄振', '::1', '2014-04-04 06:47:36', 'a:3:{s:2:"id";s:2:"11";s:8:"workload";s:97:"{"03-18":"0.5","03-19":"0.5","03-20":"0.5","03-21":"0.5","03-24":"0.5","03-25":"0.5","03-26":"0"}";s:3:"fid";s:1:"1";}'),
(23, 1, 'tasks', '更新任务剩余工作量', '任务ID:13;时间:03-26;剩余:0', '黄振', '::1', '2014-04-04 06:48:35', 'a:3:{s:2:"id";s:2:"13";s:8:"workload";s:87:"{"03-26":"1","03-18":"0.2","03-19":"1","03-20":"4","03-21":"1","03-24":"1","03-25":"1"}";s:3:"fid";s:1:"1";}'),
(24, 5, 'setup', '新建', '新建立项工具(hahahahah)', '黄振', '::1', '2014-04-04 06:57:11', ''),
(25, 24, 'plan', '新建', '新建任务工具(sda)', '黄振', '::1', '2014-04-04 07:02:27', ''),
(26, 24, 'tasks', '更新任务剩余工作量', '任务ID:35;时间:04-11;剩余:5', '黄振', '::1', '2014-04-04 07:02:31', 'a:3:{s:2:"id";s:2:"35";s:8:"workload";s:89:"{"04-11":"","04-12":"","04-13":"","04-14":"","04-16":"","04-17":"","04-18":"","04-19":""}";s:3:"fid";s:2:"24";}'),
(27, 24, 'tasks', '更新任务剩余工作量', '任务ID:35;时间:04-12;剩余:3', '黄振', '::1', '2014-04-04 07:02:32', 'a:3:{s:2:"id";s:2:"35";s:8:"workload";s:90:"{"04-11":"5","04-12":"","04-13":"","04-14":"","04-16":"","04-17":"","04-18":"","04-19":""}";s:3:"fid";s:2:"24";}'),
(28, 24, 'tasks', '更新任务剩余工作量', '任务ID:35;时间:04-13;剩余:2', '黄振', '::1', '2014-04-04 07:02:33', 'a:3:{s:2:"id";s:2:"35";s:8:"workload";s:91:"{"04-11":"5","04-12":"3","04-13":"","04-14":"","04-16":"","04-17":"","04-18":"","04-19":""}";s:3:"fid";s:2:"24";}'),
(29, 22, 'tasks', '更新任务剩余工作量', '任务ID:32;时间:04-18;剩余:0', '黄振', '::1', '2014-04-04 08:06:47', 'a:3:{s:2:"id";s:2:"32";s:8:"workload";s:109:"{"04-08":"1","04-09":"1","04-10":"1","04-11":"0","04-14":"1","04-15":"1","04-16":"1","04-17":"1","04-18":"1"}";s:3:"fid";s:2:"22";}'),
(30, 22, 'tasks', '更新任务剩余工作量', '任务ID:33;时间:04-18;剩余:0', '黄振', '::1', '2014-04-04 08:06:48', 'a:3:{s:2:"id";s:2:"33";s:8:"workload";s:109:"{"04-08":"2","04-09":"0","04-10":"2","04-11":"2","04-14":"1","04-15":"1","04-16":"1","04-17":"1","04-18":"1"}";s:3:"fid";s:2:"22";}'),
(31, 1, 'docs', '上传文件', '上传文件(5_系统详细设计.docx)', '黄振', '::1', '2014-04-04 08:23:49', ''),
(32, 22, 'tasks', '更新任务', '更新面板与任务数据', '黄振', '::1', '2014-04-09 08:56:20', 'a:2:{s:5:"tasks";a:7:{s:2:"id";s:2:"22";s:5:"bname";s:25:"GM工具(第二次迭代)";s:9:"begintime";s:10:"2014-04-08";s:7:"endtime";s:10:"2014-04-18";s:10:"exceptdays";s:27:"["2014-04-12","2014-04-13"]";s:3:"dwz";s:6:"1Zu2Y3";s:5:"rldwz";s:6:"1K8403";}s:4:"list";a:2:{i:0;a:7:{s:2:"id";s:2:"32";s:3:"fid";s:2:"22";s:5:"story";s:5:"aaaaa";s:5:"owner";s:3:"bbb";s:7:"expendt";s:10:"2014-04-07";s:8:"workload";s:109:"{"04-08":"1","04-09":"1","04-10":"1","04-11":"0","04-14":"1","04-15":"1","04-16":"1","04-17":"1","04-18":"0"}";s:6:"is_del";s:1:"0";}i:1;a:7:{s:2:"id";s:2:"33";s:3:"fid";s:2:"22";s:5:"story";s:5:"ccccc";s:5:"owner";s:3:"ddd";s:7:"expendt";s:10:"2014-04-08";s:8:"workload";s:109:"{"04-08":"2","04-09":"0","04-10":"2","04-11":"2","04-14":"1","04-15":"1","04-16":"1","04-17":"1","04-18":"0"}";s:6:"is_del";s:1:"0";}}}'),
(33, 22, 'tasks', '更新任务剩余工作量', '任务ID:32;时间:04-08;剩余:0', '黄振', '::1', '2014-04-09 08:56:30', 'a:3:{s:2:"id";s:2:"32";s:8:"workload";s:109:"{"04-08":"1","04-09":"1","04-10":"1","04-11":"0","04-14":"1","04-15":"1","04-16":"1","04-17":"1","04-18":"0"}";s:3:"fid";s:2:"22";}'),
(34, 22, 'tasks', '更新任务剩余工作量', '任务ID:32;时间:04-08;剩余:0.', '黄振', '::1', '2014-04-09 08:56:30', 'a:3:{s:2:"id";s:2:"32";s:8:"workload";s:109:"{"04-08":"0","04-09":"1","04-10":"1","04-11":"0","04-14":"1","04-15":"1","04-16":"1","04-17":"1","04-18":"0"}";s:3:"fid";s:2:"22";}'),
(35, 22, 'tasks', '更新任务剩余工作量', '任务ID:32;时间:04-08;剩余:0.5', '黄振', '::1', '2014-04-09 08:56:30', 'a:3:{s:2:"id";s:2:"32";s:8:"workload";s:110:"{"04-08":"0.","04-09":"1","04-10":"1","04-11":"0","04-14":"1","04-15":"1","04-16":"1","04-17":"1","04-18":"0"}";s:3:"fid";s:2:"22";}'),
(36, 22, 'tasks', '更新任务剩余工作量', '任务ID:33;时间:04-08;剩余:1', '黄振', '::1', '2014-04-09 08:56:32', 'a:3:{s:2:"id";s:2:"33";s:8:"workload";s:109:"{"04-08":"2","04-09":"0","04-10":"2","04-11":"2","04-14":"1","04-15":"1","04-16":"1","04-17":"1","04-18":"0"}";s:3:"fid";s:2:"22";}'),
(37, 22, 'tasks', '更新任务剩余工作量', '任务ID:36;时间:04-08;剩余:0', '黄振', '::1', '2014-04-09 08:56:33', 'a:3:{s:2:"id";s:2:"36";s:8:"workload";s:5:"Array";s:3:"fid";s:2:"22";}'),
(38, 22, 'tasks', '更新任务剩余工作量', '任务ID:36;时间:04-08;剩余:0.', '黄振', '::1', '2014-04-09 08:56:33', 'a:3:{s:2:"id";s:2:"36";s:8:"workload";s:13:"{"04-08":"0"}";s:3:"fid";s:2:"22";}'),
(39, 22, 'tasks', '更新任务剩余工作量', '任务ID:36;时间:04-08;剩余:0.5', '黄振', '::1', '2014-04-09 08:56:34', 'a:3:{s:2:"id";s:2:"36";s:8:"workload";s:14:"{"04-08":"0."}";s:3:"fid";s:2:"22";}'),
(40, 22, 'tasks', '更新任务剩余工作量', '任务ID:37;时间:04-08;剩余:0', '黄振', '::1', '2014-04-09 08:56:34', 'a:3:{s:2:"id";s:2:"37";s:8:"workload";s:5:"Array";s:3:"fid";s:2:"22";}'),
(41, 22, 'tasks', '更新任务剩余工作量', '任务ID:37;时间:04-08;剩余:0.', '黄振', '::1', '2014-04-09 08:56:35', 'a:3:{s:2:"id";s:2:"37";s:8:"workload";s:13:"{"04-08":"0"}";s:3:"fid";s:2:"22";}'),
(42, 22, 'tasks', '更新任务剩余工作量', '任务ID:37;时间:04-08;剩余:0.5', '黄振', '::1', '2014-04-09 08:56:35', 'a:3:{s:2:"id";s:2:"37";s:8:"workload";s:14:"{"04-08":"0."}";s:3:"fid";s:2:"22";}'),
(43, 22, 'tasks', '更新任务剩余工作量', '任务ID:38;时间:04-08;剩余:0', '黄振', '::1', '2014-04-09 08:56:35', 'a:3:{s:2:"id";s:2:"38";s:8:"workload";s:5:"Array";s:3:"fid";s:2:"22";}'),
(44, 22, 'tasks', '更新任务剩余工作量', '任务ID:38;时间:04-08;剩余:0.', '黄振', '::1', '2014-04-09 08:56:36', 'a:3:{s:2:"id";s:2:"38";s:8:"workload";s:13:"{"04-08":"0"}";s:3:"fid";s:2:"22";}'),
(45, 22, 'tasks', '更新任务剩余工作量', '任务ID:38;时间:04-08;剩余:0.5', '黄振', '::1', '2014-04-09 08:56:36', 'a:3:{s:2:"id";s:2:"38";s:8:"workload";s:14:"{"04-08":"0."}";s:3:"fid";s:2:"22";}'),
(46, 22, 'tasks', '更新任务剩余工作量', '任务ID:39;时间:04-08;剩余:2', '黄振', '::1', '2014-04-09 08:56:43', 'a:3:{s:2:"id";s:2:"39";s:8:"workload";s:5:"Array";s:3:"fid";s:2:"22";}'),
(47, 22, 'tasks', '更新任务剩余工作量', '任务ID:40;时间:04-08;剩余:1', '黄振', '::1', '2014-04-09 08:56:43', 'a:3:{s:2:"id";s:2:"40";s:8:"workload";s:5:"Array";s:3:"fid";s:2:"22";}'),
(48, 22, 'tasks', '更新任务剩余工作量', '任务ID:41;时间:04-08;剩余:1', '黄振', '::1', '2014-04-09 08:56:44', 'a:3:{s:2:"id";s:2:"41";s:8:"workload";s:5:"Array";s:3:"fid";s:2:"22";}'),
(49, 22, 'tasks', '更新任务剩余工作量', '任务ID:42;时间:04-08;剩余:0', '黄振', '::1', '2014-04-09 08:56:45', 'a:3:{s:2:"id";s:2:"42";s:8:"workload";s:5:"Array";s:3:"fid";s:2:"22";}'),
(50, 22, 'tasks', '更新任务剩余工作量', '任务ID:42;时间:04-08;剩余:0.', '黄振', '::1', '2014-04-09 08:56:45', 'a:3:{s:2:"id";s:2:"42";s:8:"workload";s:13:"{"04-08":"0"}";s:3:"fid";s:2:"22";}'),
(51, 22, 'tasks', '更新任务剩余工作量', '任务ID:42;时间:04-08;剩余:0.5', '黄振', '::1', '2014-04-09 08:56:45', 'a:3:{s:2:"id";s:2:"42";s:8:"workload";s:14:"{"04-08":"0."}";s:3:"fid";s:2:"22";}'),
(52, 22, 'tasks', '更新任务剩余工作量', '任务ID:43;时间:04-08;剩余:2', '黄振', '::1', '2014-04-09 08:56:52', 'a:3:{s:2:"id";s:2:"43";s:8:"workload";s:5:"Array";s:3:"fid";s:2:"22";}'),
(53, 22, 'tasks', '更新任务剩余工作量', '任务ID:44;时间:04-08;剩余:1', '黄振', '::1', '2014-04-09 08:56:52', 'a:3:{s:2:"id";s:2:"44";s:8:"workload";s:5:"Array";s:3:"fid";s:2:"22";}'),
(54, 22, 'tasks', '更新任务剩余工作量', '任务ID:32;时间:04-09;剩余:0', '黄振', '::1', '2014-04-09 08:56:58', 'a:3:{s:2:"id";s:2:"32";s:8:"workload";s:111:"{"04-08":"0.5","04-09":"1","04-10":"1","04-11":"0","04-14":"1","04-15":"1","04-16":"1","04-17":"1","04-18":"0"}";s:3:"fid";s:2:"22";}'),
(55, 22, 'tasks', '更新任务剩余工作量', '任务ID:33;时间:04-09;剩余:1', '黄振', '::1', '2014-04-09 08:56:59', 'a:3:{s:2:"id";s:2:"33";s:8:"workload";s:109:"{"04-08":"1","04-09":"0","04-10":"2","04-11":"2","04-14":"1","04-15":"1","04-16":"1","04-17":"1","04-18":"0"}";s:3:"fid";s:2:"22";}'),
(56, 22, 'tasks', '更新任务剩余工作量', '任务ID:36;时间:04-09;剩余:0', '黄振', '::1', '2014-04-09 08:57:00', 'a:3:{s:2:"id";s:2:"36";s:8:"workload";s:15:"{"04-08":"0.5"}";s:3:"fid";s:2:"22";}'),
(57, 22, 'tasks', '更新任务剩余工作量', '任务ID:36;时间:04-09;剩余:0.', '黄振', '::1', '2014-04-09 08:57:00', 'a:3:{s:2:"id";s:2:"36";s:8:"workload";s:27:"{"04-08":"0.5","04-09":"0"}";s:3:"fid";s:2:"22";}'),
(58, 22, 'tasks', '更新任务剩余工作量', '任务ID:36;时间:04-09;剩余:0.2', '黄振', '::1', '2014-04-09 08:57:01', 'a:3:{s:2:"id";s:2:"36";s:8:"workload";s:28:"{"04-08":"0.5","04-09":"0."}";s:3:"fid";s:2:"22";}'),
(59, 22, 'tasks', '更新任务剩余工作量', '任务ID:32;时间:04-10;剩余:', '黄振', '::1', '2014-04-09 08:57:02', 'a:3:{s:2:"id";s:2:"32";s:8:"workload";s:111:"{"04-08":"0.5","04-09":"0","04-10":"1","04-11":"0","04-14":"1","04-15":"1","04-16":"1","04-17":"1","04-18":"0"}";s:3:"fid";s:2:"22";}'),
(60, 22, 'tasks', '更新任务剩余工作量', '任务ID:33;时间:04-10;剩余:', '黄振', '::1', '2014-04-09 08:57:02', 'a:3:{s:2:"id";s:2:"33";s:8:"workload";s:109:"{"04-08":"1","04-09":"1","04-10":"2","04-11":"2","04-14":"1","04-15":"1","04-16":"1","04-17":"1","04-18":"0"}";s:3:"fid";s:2:"22";}'),
(61, 22, 'tasks', '更新任务剩余工作量', '任务ID:33;时间:04-11;剩余:', '黄振', '::1', '2014-04-09 08:57:03', 'a:3:{s:2:"id";s:2:"33";s:8:"workload";s:108:"{"04-08":"1","04-09":"1","04-10":"","04-11":"2","04-14":"1","04-15":"1","04-16":"1","04-17":"1","04-18":"0"}";s:3:"fid";s:2:"22";}'),
(62, 22, 'tasks', '更新任务剩余工作量', '任务ID:32;时间:04-11;剩余:', '黄振', '::1', '2014-04-09 08:57:03', 'a:3:{s:2:"id";s:2:"32";s:8:"workload";s:110:"{"04-08":"0.5","04-09":"0","04-10":"","04-11":"0","04-14":"1","04-15":"1","04-16":"1","04-17":"1","04-18":"0"}";s:3:"fid";s:2:"22";}'),
(63, 22, 'tasks', '更新任务剩余工作量', '任务ID:32;时间:04-14;剩余:', '黄振', '::1', '2014-04-09 08:57:04', 'a:3:{s:2:"id";s:2:"32";s:8:"workload";s:109:"{"04-08":"0.5","04-09":"0","04-10":"","04-11":"","04-14":"1","04-15":"1","04-16":"1","04-17":"1","04-18":"0"}";s:3:"fid";s:2:"22";}'),
(64, 22, 'tasks', '更新任务剩余工作量', '任务ID:33;时间:04-14;剩余:', '黄振', '::1', '2014-04-09 08:57:04', 'a:3:{s:2:"id";s:2:"33";s:8:"workload";s:107:"{"04-08":"1","04-09":"1","04-10":"","04-11":"","04-14":"1","04-15":"1","04-16":"1","04-17":"1","04-18":"0"}";s:3:"fid";s:2:"22";}'),
(65, 22, 'tasks', '更新任务剩余工作量', '任务ID:32;时间:04-15;剩余:', '黄振', '::1', '2014-04-09 08:57:04', 'a:3:{s:2:"id";s:2:"32";s:8:"workload";s:108:"{"04-08":"0.5","04-09":"0","04-10":"","04-11":"","04-14":"","04-15":"1","04-16":"1","04-17":"1","04-18":"0"}";s:3:"fid";s:2:"22";}'),
(66, 22, 'tasks', '更新任务剩余工作量', '任务ID:33;时间:04-15;剩余:', '黄振', '::1', '2014-04-09 08:57:05', 'a:3:{s:2:"id";s:2:"33";s:8:"workload";s:106:"{"04-08":"1","04-09":"1","04-10":"","04-11":"","04-14":"","04-15":"1","04-16":"1","04-17":"1","04-18":"0"}";s:3:"fid";s:2:"22";}'),
(67, 22, 'tasks', '更新任务剩余工作量', '任务ID:32;时间:04-16;剩余:', '黄振', '::1', '2014-04-09 08:57:05', 'a:3:{s:2:"id";s:2:"32";s:8:"workload";s:107:"{"04-08":"0.5","04-09":"0","04-10":"","04-11":"","04-14":"","04-15":"","04-16":"1","04-17":"1","04-18":"0"}";s:3:"fid";s:2:"22";}'),
(68, 22, 'tasks', '更新任务剩余工作量', '任务ID:33;时间:04-16;剩余:', '黄振', '::1', '2014-04-09 08:57:06', 'a:3:{s:2:"id";s:2:"33";s:8:"workload";s:105:"{"04-08":"1","04-09":"1","04-10":"","04-11":"","04-14":"","04-15":"","04-16":"1","04-17":"1","04-18":"0"}";s:3:"fid";s:2:"22";}'),
(69, 22, 'tasks', '更新任务剩余工作量', '任务ID:32;时间:04-17;剩余:', '黄振', '::1', '2014-04-09 08:57:06', 'a:3:{s:2:"id";s:2:"32";s:8:"workload";s:106:"{"04-08":"0.5","04-09":"0","04-10":"","04-11":"","04-14":"","04-15":"","04-16":"","04-17":"1","04-18":"0"}";s:3:"fid";s:2:"22";}'),
(70, 22, 'tasks', '更新任务剩余工作量', '任务ID:33;时间:04-17;剩余:', '黄振', '::1', '2014-04-09 08:57:07', 'a:3:{s:2:"id";s:2:"33";s:8:"workload";s:104:"{"04-08":"1","04-09":"1","04-10":"","04-11":"","04-14":"","04-15":"","04-16":"","04-17":"1","04-18":"0"}";s:3:"fid";s:2:"22";}'),
(71, 22, 'tasks', '更新任务剩余工作量', '任务ID:32;时间:04-18;剩余:', '黄振', '::1', '2014-04-09 08:57:07', 'a:3:{s:2:"id";s:2:"32";s:8:"workload";s:105:"{"04-08":"0.5","04-09":"0","04-10":"","04-11":"","04-14":"","04-15":"","04-16":"","04-17":"","04-18":"0"}";s:3:"fid";s:2:"22";}'),
(72, 22, 'tasks', '更新任务剩余工作量', '任务ID:33;时间:04-18;剩余:', '黄振', '::1', '2014-04-09 08:57:08', 'a:3:{s:2:"id";s:2:"33";s:8:"workload";s:103:"{"04-08":"1","04-09":"1","04-10":"","04-11":"","04-14":"","04-15":"","04-16":"","04-17":"","04-18":"0"}";s:3:"fid";s:2:"22";}'),
(73, 22, 'tasks', '更新任务剩余工作量', '任务ID:37;时间:04-09;剩余:0', '黄振', '::1', '2014-04-09 08:57:12', 'a:3:{s:2:"id";s:2:"37";s:8:"workload";s:15:"{"04-08":"0.5"}";s:3:"fid";s:2:"22";}'),
(74, 22, 'tasks', '更新任务剩余工作量', '任务ID:37;时间:04-09;剩余:0.', '黄振', '::1', '2014-04-09 08:57:12', 'a:3:{s:2:"id";s:2:"37";s:8:"workload";s:27:"{"04-08":"0.5","04-09":"0"}";s:3:"fid";s:2:"22";}'),
(75, 22, 'tasks', '更新任务剩余工作量', '任务ID:37;时间:04-09;剩余:0.5', '黄振', '::1', '2014-04-09 08:57:12', 'a:3:{s:2:"id";s:2:"37";s:8:"workload";s:28:"{"04-08":"0.5","04-09":"0."}";s:3:"fid";s:2:"22";}'),
(76, 22, 'tasks', '更新任务剩余工作量', '任务ID:38;时间:04-09;剩余:2', '黄振', '::1', '2014-04-09 08:57:14', 'a:3:{s:2:"id";s:2:"38";s:8:"workload";s:15:"{"04-08":"0.5"}";s:3:"fid";s:2:"22";}'),
(77, 22, 'tasks', '更新任务剩余工作量', '任务ID:38;时间:04-09;剩余:', '黄振', '::1', '2014-04-09 08:57:15', 'a:3:{s:2:"id";s:2:"38";s:8:"workload";s:27:"{"04-08":"0.5","04-09":"2"}";s:3:"fid";s:2:"22";}'),
(78, 22, 'tasks', '更新任务剩余工作量', '任务ID:38;时间:04-09;剩余:0', '黄振', '::1', '2014-04-09 08:57:15', 'a:3:{s:2:"id";s:2:"38";s:8:"workload";s:26:"{"04-08":"0.5","04-09":""}";s:3:"fid";s:2:"22";}'),
(79, 22, 'tasks', '更新任务剩余工作量', '任务ID:38;时间:04-09;剩余:0.', '黄振', '::1', '2014-04-09 08:57:16', 'a:3:{s:2:"id";s:2:"38";s:8:"workload";s:27:"{"04-08":"0.5","04-09":"0"}";s:3:"fid";s:2:"22";}'),
(80, 22, 'tasks', '更新任务剩余工作量', '任务ID:38;时间:04-09;剩余:0.5', '黄振', '::1', '2014-04-09 08:57:16', 'a:3:{s:2:"id";s:2:"38";s:8:"workload";s:28:"{"04-08":"0.5","04-09":"0."}";s:3:"fid";s:2:"22";}'),
(81, 22, 'tasks', '更新任务剩余工作量', '任务ID:39;时间:04-09;剩余:2', '黄振', '::1', '2014-04-09 08:57:17', 'a:3:{s:2:"id";s:2:"39";s:8:"workload";s:13:"{"04-08":"2"}";s:3:"fid";s:2:"22";}'),
(82, 22, 'tasks', '更新任务剩余工作量', '任务ID:40;时间:04-09;剩余:1', '黄振', '::1', '2014-04-09 08:57:17', 'a:3:{s:2:"id";s:2:"40";s:8:"workload";s:13:"{"04-08":"1"}";s:3:"fid";s:2:"22";}'),
(83, 22, 'tasks', '更新任务剩余工作量', '任务ID:41;时间:04-09;剩余:1', '黄振', '::1', '2014-04-09 08:57:18', 'a:3:{s:2:"id";s:2:"41";s:8:"workload";s:13:"{"04-08":"1"}";s:3:"fid";s:2:"22";}'),
(84, 22, 'tasks', '更新任务剩余工作量', '任务ID:42;时间:04-09;剩余:0', '黄振', '::1', '2014-04-09 08:57:19', 'a:3:{s:2:"id";s:2:"42";s:8:"workload";s:15:"{"04-08":"0.5"}";s:3:"fid";s:2:"22";}'),
(85, 22, 'tasks', '更新任务剩余工作量', '任务ID:42;时间:04-09;剩余:0.', '黄振', '::1', '2014-04-09 08:57:19', 'a:3:{s:2:"id";s:2:"42";s:8:"workload";s:27:"{"04-08":"0.5","04-09":"0"}";s:3:"fid";s:2:"22";}'),
(86, 22, 'tasks', '更新任务剩余工作量', '任务ID:42;时间:04-09;剩余:0.5', '黄振', '::1', '2014-04-09 08:57:19', 'a:3:{s:2:"id";s:2:"42";s:8:"workload";s:28:"{"04-08":"0.5","04-09":"0."}";s:3:"fid";s:2:"22";}'),
(87, 22, 'tasks', '更新任务剩余工作量', '任务ID:43;时间:04-09;剩余:2', '黄振', '::1', '2014-04-09 08:57:20', 'a:3:{s:2:"id";s:2:"43";s:8:"workload";s:13:"{"04-08":"2"}";s:3:"fid";s:2:"22";}'),
(88, 22, 'tasks', '更新任务剩余工作量', '任务ID:44;时间:04-09;剩余:1', '黄振', '::1', '2014-04-09 08:57:21', 'a:3:{s:2:"id";s:2:"44";s:8:"workload";s:13:"{"04-08":"1"}";s:3:"fid";s:2:"22";}'),
(89, 22, 'tasks', '更新任务剩余工作量', '任务ID:32;时间:04-09;剩余:0', '黄振', '::1', '2014-04-09 08:57:40', 'a:3:{s:2:"id";s:2:"32";s:8:"workload";s:104:"{"04-08":"0.5","04-09":"0","04-10":"","04-11":"","04-14":"","04-15":"","04-16":"","04-17":"","04-18":""}";s:3:"fid";s:2:"22";}'),
(90, 1, 'plan', '更新计划', '更新计划', '黄振', '::1', '2014-04-09 09:04:09', 'a:2:{s:4:"plan";a:7:{s:2:"id";s:1:"1";s:5:"bname";s:8:"GM工具";s:9:"begintime";s:10:"2014-03-05";s:7:"endtime";s:10:"2014-05-07";s:10:"exceptdays";s:248:"["2014-03-08","2014-03-09","2014-03-15","2014-03-16","2014-03-22","2014-03-23","2014-03-29","2014-03-30","2014-04-05","2014-04-06","2014-04-12","2014-04-13","2014-04-19","2014-04-20","2014-04-26","2014-04-27","2014-05-03","2014-05-04","2014-05-07"]";s:3:"dwz";s:6:"52D3A1";s:5:"rldwz";s:6:"1ursI3";}s:4:"list";a:31:{i:0;a:9:{s:2:"id";s:1:"1";s:3:"fid";s:1:"1";s:5:"title";s:3:"1.1";s:7:"describ";s:20:"完成Hbase表设计";s:5:"owner";s:9:"吴启超";s:5:"pdays";s:1:"2";s:7:"expstrt";s:10:"2014-03-05";s:7:"expendt";s:10:"2014-03-07";s:6:"is_del";s:1:"0";}i:1;a:9:{s:2:"id";s:1:"2";s:3:"fid";s:1:"1";s:5:"title";s:3:"1.2";s:7:"describ";s:23:"Hbase测试数据录入";s:5:"owner";s:9:"吴启超";s:5:"pdays";s:1:"4";s:7:"expstrt";s:10:"2014-03-07";s:7:"expendt";s:10:"2014-03-12";s:6:"is_del";s:1:"0";}i:2;a:9:{s:2:"id";s:1:"3";s:3:"fid";s:1:"1";s:5:"title";s:3:"1.3";s:7:"describ";s:39:"完成系统《系统功能说明书》";s:5:"owner";s:6:"黄振";s:5:"pdays";s:1:"3";s:7:"expstrt";s:10:"2014-03-05";s:7:"expendt";s:10:"2014-03-07";s:6:"is_del";s:1:"0";}i:3;a:9:{s:2:"id";s:1:"4";s:3:"fid";s:1:"1";s:5:"title";s:3:"1.4";s:7:"describ";s:50:"完成Hbase中表数据的自动化录入与检测";s:5:"owner";s:9:"吴启超";s:5:"pdays";s:1:"2";s:7:"expstrt";s:10:"2014-03-12";s:7:"expendt";s:10:"2014-03-14";s:6:"is_del";s:1:"0";}i:4;a:9:{s:2:"id";s:1:"5";s:3:"fid";s:1:"1";s:5:"title";s:3:"1.5";s:7:"describ";s:30:"完成《系统详细设计》";s:5:"owner";s:9:"张广欣";s:5:"pdays";s:1:"6";s:7:"expstrt";s:10:"2014-03-07";s:7:"expendt";s:10:"2014-03-14";s:6:"is_del";s:1:"0";}i:5;a:9:{s:2:"id";s:1:"6";s:3:"fid";s:1:"1";s:5:"title";s:3:"2.1";s:7:"describ";s:18:"接口集群打通";s:5:"owner";s:9:"苏国鑫";s:5:"pdays";s:1:"0";s:7:"expstrt";s:10:"2014-03-18";s:7:"expendt";s:10:"2014-03-18";s:6:"is_del";s:1:"0";}i:6;a:9:{s:2:"id";s:1:"7";s:3:"fid";s:1:"1";s:5:"title";s:3:"2.2";s:7:"describ";s:20:"Hbase功能点迁移";s:5:"owner";s:9:"吴启超";s:5:"pdays";s:1:"1";s:7:"expstrt";s:10:"2014-03-18";s:7:"expendt";s:10:"2014-03-18";s:6:"is_del";s:1:"0";}i:7;a:9:{s:2:"id";s:1:"8";s:3:"fid";s:1:"1";s:5:"title";s:3:"2.3";s:7:"describ";s:31:"JAVA接口RSA加密算法重构";s:5:"owner";s:9:"苏国鑫";s:5:"pdays";s:1:"2";s:7:"expstrt";s:10:"2014-03-19";s:7:"expendt";s:10:"2014-03-20";s:6:"is_del";s:1:"0";}i:8;a:9:{s:2:"id";s:1:"9";s:3:"fid";s:1:"1";s:5:"title";s:3:"2.4";s:7:"describ";s:28:"PHP DES解密，接口对接";s:5:"owner";s:9:"张广欣";s:5:"pdays";s:1:"2";s:7:"expstrt";s:10:"2014-03-18";s:7:"expendt";s:10:"2014-03-19";s:6:"is_del";s:1:"0";}i:9;a:9:{s:2:"id";s:2:"10";s:3:"fid";s:1:"1";s:5:"title";s:3:"2.5";s:7:"describ";s:35:"Hbase AccountInfo定时数据录入";s:5:"owner";s:9:"吴启超";s:5:"pdays";s:1:"2";s:7:"expstrt";s:10:"2014-03-18";s:7:"expendt";s:10:"2014-03-19";s:6:"is_del";s:1:"0";}i:10;a:9:{s:2:"id";s:2:"11";s:3:"fid";s:1:"1";s:5:"title";s:3:"2.6";s:7:"describ";s:31:"Java连接线上库公共方法";s:5:"owner";s:9:"苏国鑫";s:5:"pdays";s:1:"1";s:7:"expstrt";s:10:"2014-03-20";s:7:"expendt";s:10:"2014-03-20";s:6:"is_del";s:1:"0";}i:11;a:9:{s:2:"id";s:2:"12";s:3:"fid";s:1:"1";s:5:"title";s:3:"2.7";s:7:"describ";s:26:"loginlog定时数据录入";s:5:"owner";s:9:"吴启超";s:5:"pdays";s:1:"2";s:7:"expstrt";s:10:"2014-03-20";s:7:"expendt";s:10:"2014-03-21";s:6:"is_del";s:1:"0";}i:12;a:9:{s:2:"id";s:2:"13";s:3:"fid";s:1:"1";s:5:"title";s:3:"2.8";s:7:"describ";s:22:"帐号信息Java接口";s:5:"owner";s:9:"苏国鑫";s:5:"pdays";s:1:"1";s:7:"expstrt";s:10:"2014-03-21";s:7:"expendt";s:10:"2014-03-21";s:6:"is_del";s:1:"0";}i:13;a:9:{s:2:"id";s:2:"14";s:3:"fid";s:1:"1";s:5:"title";s:3:"2.9";s:7:"describ";s:22:"角色道具Java接口";s:5:"owner";s:9:"苏国鑫";s:5:"pdays";s:1:"1";s:7:"expstrt";s:10:"2014-03-24";s:7:"expendt";s:10:"2014-03-24";s:6:"is_del";s:1:"0";}i:14;a:9:{s:2:"id";s:2:"15";s:3:"fid";s:1:"1";s:5:"title";s:4:"2.10";s:7:"describ";s:39:"帐号信息功能模块（前后台）";s:5:"owner";s:9:"张广欣";s:5:"pdays";s:1:"0";s:7:"expstrt";s:10:"2014-03-24";s:7:"expendt";s:10:"2014-03-24";s:6:"is_del";s:1:"0";}i:15;a:9:{s:2:"id";s:2:"16";s:3:"fid";s:1:"1";s:5:"title";s:4:"2.11";s:7:"describ";s:22:"登录日志Java接口";s:5:"owner";s:9:"苏国鑫";s:5:"pdays";s:1:"0";s:7:"expstrt";s:10:"2014-03-25";s:7:"expendt";s:10:"2014-03-25";s:6:"is_del";s:1:"0";}i:16;a:9:{s:2:"id";s:2:"17";s:3:"fid";s:1:"1";s:5:"title";s:4:"2.12";s:7:"describ";s:39:"角色信息功能模块（前后台）";s:5:"owner";s:9:"张广欣";s:5:"pdays";s:1:"0";s:7:"expstrt";s:10:"2014-03-25";s:7:"expendt";s:10:"2014-03-25";s:6:"is_del";s:1:"0";}i:17;a:9:{s:2:"id";s:2:"18";s:3:"fid";s:1:"1";s:5:"title";s:4:"2.13";s:7:"describ";s:45:"帐号登录日志功能模块（前后台）";s:5:"owner";s:9:"张广欣";s:5:"pdays";s:1:"0";s:7:"expstrt";s:10:"2014-03-26";s:7:"expendt";s:10:"2014-03-26";s:6:"is_del";s:1:"0";}i:18;a:9:{s:2:"id";s:2:"19";s:3:"fid";s:1:"1";s:5:"title";s:6:"测评";s:7:"describ";s:27:"QA/需求方测试与评审";s:5:"owner";s:2:"QA";s:5:"pdays";s:1:"0";s:7:"expstrt";s:10:"2014-03-27";s:7:"expendt";s:10:"2014-04-03";s:6:"is_del";s:1:"0";}i:19;a:9:{s:2:"id";s:2:"20";s:3:"fid";s:1:"1";s:5:"title";s:3:"3.1";s:7:"describ";s:48:"完成“完成角色交易日志”功能模块";s:5:"owner";s:0:"";s:5:"pdays";s:1:"0";s:7:"expstrt";s:10:"2014-04-07";s:7:"expendt";s:10:"2014-04-07";s:6:"is_del";s:1:"0";}i:20;a:9:{s:2:"id";s:2:"21";s:3:"fid";s:1:"1";s:5:"title";s:3:"3.2";s:7:"describ";s:36:"完成“物品流向”功能模块";s:5:"owner";s:0:"";s:5:"pdays";s:1:"0";s:7:"expstrt";s:10:"2014-04-07";s:7:"expendt";s:10:"2014-04-07";s:6:"is_del";s:1:"0";}i:21;a:9:{s:2:"id";s:2:"22";s:3:"fid";s:1:"1";s:5:"title";s:3:"3.3";s:7:"describ";s:36:"完成“转移物品”功能模块";s:5:"owner";s:0:"";s:5:"pdays";s:1:"0";s:7:"expstrt";s:10:"2014-04-08";s:7:"expendt";s:10:"2014-04-08";s:6:"is_del";s:1:"0";}i:22;a:9:{s:2:"id";s:2:"23";s:3:"fid";s:1:"1";s:5:"title";s:3:"3.4";s:7:"describ";s:36:"完成“封存物品”功能模块";s:5:"owner";s:0:"";s:5:"pdays";s:1:"0";s:7:"expstrt";s:10:"2014-04-10";s:7:"expendt";s:10:"2014-04-10";s:6:"is_del";s:1:"0";}i:23;a:9:{s:2:"id";s:2:"24";s:3:"fid";s:1:"1";s:5:"title";s:3:"3.5";s:7:"describ";s:33:"完成“封帐号”功能模块";s:5:"owner";s:0:"";s:5:"pdays";s:1:"0";s:7:"expstrt";s:10:"2014-04-14";s:7:"expendt";s:10:"2014-04-14";s:6:"is_del";s:1:"0";}i:24;a:9:{s:2:"id";s:2:"25";s:3:"fid";s:1:"1";s:5:"title";s:3:"3.6";s:7:"describ";s:36:"完成“解封物品”功能模块";s:5:"owner";s:0:"";s:5:"pdays";s:1:"0";s:7:"expstrt";s:10:"2014-04-15";s:7:"expendt";s:10:"2014-04-15";s:6:"is_del";s:1:"0";}i:25;a:9:{s:2:"id";s:2:"26";s:3:"fid";s:1:"1";s:5:"title";s:6:"测评";s:7:"describ";s:27:"QA/需求方测试与评审";s:5:"owner";s:9:"QA/需求";s:5:"pdays";s:1:"0";s:7:"expstrt";s:10:"2014-04-16";s:7:"expendt";s:10:"2014-04-23";s:6:"is_del";s:1:"0";}i:26;a:9:{s:2:"id";s:2:"27";s:3:"fid";s:1:"1";s:5:"title";s:3:"4.1";s:7:"describ";s:38:"串联帐号/角色/物品交易记录";s:5:"owner";s:0:"";s:5:"pdays";s:1:"0";s:7:"expstrt";s:10:"2014-04-24";s:7:"expendt";s:10:"2014-04-24";s:6:"is_del";s:1:"0";}i:27;a:9:{s:2:"id";s:2:"28";s:3:"fid";s:1:"1";s:5:"title";s:3:"4.2";s:7:"describ";s:96:"根据时间范围与装备名称模糊匹配，获得物品的GID，并完成物品流向查询";s:5:"owner";s:0:"";s:5:"pdays";s:1:"0";s:7:"expstrt";s:10:"2014-04-25";s:7:"expendt";s:10:"2014-04-25";s:6:"is_del";s:1:"0";}i:28;a:9:{s:2:"id";s:2:"29";s:3:"fid";s:1:"1";s:5:"title";s:3:"4.3";s:7:"describ";s:45:"查询最终流向帐号的玩家物品信息";s:5:"owner";s:0:"";s:5:"pdays";s:1:"0";s:7:"expstrt";s:10:"2014-04-28";s:7:"expendt";s:10:"2014-04-28";s:6:"is_del";s:1:"0";}i:29;a:9:{s:2:"id";s:2:"30";s:3:"fid";s:1:"1";s:5:"title";s:3:"4.4";s:7:"describ";s:78:"开放恶意找回检测API，允许系统智能化判断是否为恶意找回";s:5:"owner";s:0:"";s:5:"pdays";s:1:"0";s:7:"expstrt";s:10:"2014-04-29";s:7:"expendt";s:10:"2014-04-29";s:6:"is_del";s:1:"0";}i:30;a:9:{s:2:"id";s:2:"31";s:3:"fid";s:1:"1";s:5:"title";s:6:"测评";s:7:"describ";s:27:"QA/需求方测试与评审";s:5:"owner";s:9:"QA/需求";s:5:"pdays";s:1:"0";s:7:"expstrt";s:10:"2014-04-30";s:7:"expendt";s:10:"2014-05-07";s:6:"is_del";s:1:"0";}}}'),
(91, 22, 'tasks', '更新任务剩余工作量', '任务ID:32;时间:04-10;剩余:0', '黄振', '::1', '2014-04-10 05:30:00', 'a:3:{s:2:"id";s:2:"32";s:8:"workload";s:104:"{"04-08":"0.5","04-09":"0","04-10":"","04-11":"","04-14":"","04-15":"","04-16":"","04-17":"","04-18":""}";s:3:"fid";s:2:"22";}'),
(92, 22, 'tasks', '更新任务剩余工作量', '任务ID:32;时间:04-10;剩余:0.1', '黄振', '::1', '2014-04-10 05:30:01', 'a:3:{s:2:"id";s:2:"32";s:8:"workload";s:105:"{"04-08":"0.5","04-09":"0","04-10":"0","04-11":"","04-14":"","04-15":"","04-16":"","04-17":"","04-18":""}";s:3:"fid";s:2:"22";}'),
(93, 22, 'tasks', '更新任务剩余工作量', '任务ID:33;时间:04-10;剩余:1', '黄振', '::1', '2014-04-10 05:30:01', 'a:3:{s:2:"id";s:2:"33";s:8:"workload";s:102:"{"04-08":"1","04-09":"1","04-10":"","04-11":"","04-14":"","04-15":"","04-16":"","04-17":"","04-18":""}";s:3:"fid";s:2:"22";}'),
(94, 22, 'tasks', '更新任务剩余工作量', '任务ID:36;时间:04-10;剩余:0', '黄振', '::1', '2014-04-10 05:30:02', 'a:3:{s:2:"id";s:2:"36";s:8:"workload";s:29:"{"04-08":"0.5","04-09":"0.2"}";s:3:"fid";s:2:"22";}'),
(95, 22, 'tasks', '更新任务剩余工作量', '任务ID:36;时间:04-10;剩余:0.', '黄振', '::1', '2014-04-10 05:30:02', 'a:3:{s:2:"id";s:2:"36";s:8:"workload";s:41:"{"04-08":"0.5","04-09":"0.2","04-10":"0"}";s:3:"fid";s:2:"22";}'),
(96, 22, 'tasks', '更新任务剩余工作量', '任务ID:36;时间:04-10;剩余:0.2', '黄振', '::1', '2014-04-10 05:30:03', 'a:3:{s:2:"id";s:2:"36";s:8:"workload";s:42:"{"04-08":"0.5","04-09":"0.2","04-10":"0."}";s:3:"fid";s:2:"22";}'),
(97, 22, 'tasks', '更新任务剩余工作量', '任务ID:37;时间:04-10;剩余:0', '黄振', '::1', '2014-04-10 05:30:03', 'a:3:{s:2:"id";s:2:"37";s:8:"workload";s:29:"{"04-08":"0.5","04-09":"0.5"}";s:3:"fid";s:2:"22";}'),
(98, 22, 'tasks', '更新任务剩余工作量', '任务ID:37;时间:04-10;剩余:0.', '黄振', '::1', '2014-04-10 05:30:04', 'a:3:{s:2:"id";s:2:"37";s:8:"workload";s:41:"{"04-08":"0.5","04-09":"0.5","04-10":"0"}";s:3:"fid";s:2:"22";}'),
(99, 22, 'tasks', '更新任务剩余工作量', '任务ID:37;时间:04-10;剩余:0.5', '黄振', '::1', '2014-04-10 05:30:04', 'a:3:{s:2:"id";s:2:"37";s:8:"workload";s:42:"{"04-08":"0.5","04-09":"0.5","04-10":"0."}";s:3:"fid";s:2:"22";}'),
(100, 22, 'tasks', '更新任务剩余工作量', '任务ID:38;时间:04-10;剩余:0', '黄振', '::1', '2014-04-10 05:30:04', 'a:3:{s:2:"id";s:2:"38";s:8:"workload";s:29:"{"04-08":"0.5","04-09":"0.5"}";s:3:"fid";s:2:"22";}'),
(101, 22, 'tasks', '更新任务剩余工作量', '任务ID:38;时间:04-10;剩余:0.', '黄振', '::1', '2014-04-10 05:30:05', 'a:3:{s:2:"id";s:2:"38";s:8:"workload";s:41:"{"04-08":"0.5","04-09":"0.5","04-10":"0"}";s:3:"fid";s:2:"22";}'),
(102, 22, 'tasks', '更新任务剩余工作量', '任务ID:38;时间:04-10;剩余:0.5', '黄振', '::1', '2014-04-10 05:30:05', 'a:3:{s:2:"id";s:2:"38";s:8:"workload";s:42:"{"04-08":"0.5","04-09":"0.5","04-10":"0."}";s:3:"fid";s:2:"22";}'),
(103, 22, 'tasks', '更新任务剩余工作量', '任务ID:39;时间:04-10;剩余:2', '黄振', '::1', '2014-04-10 05:30:06', 'a:3:{s:2:"id";s:2:"39";s:8:"workload";s:25:"{"04-08":"2","04-09":"2"}";s:3:"fid";s:2:"22";}'),
(104, 22, 'tasks', '更新任务剩余工作量', '任务ID:40;时间:04-10;剩余:1', '黄振', '::1', '2014-04-10 05:30:06', 'a:3:{s:2:"id";s:2:"40";s:8:"workload";s:25:"{"04-08":"1","04-09":"1"}";s:3:"fid";s:2:"22";}'),
(105, 22, 'tasks', '更新任务剩余工作量', '任务ID:41;时间:04-10;剩余:1', '黄振', '::1', '2014-04-10 05:30:07', 'a:3:{s:2:"id";s:2:"41";s:8:"workload";s:25:"{"04-08":"1","04-09":"1"}";s:3:"fid";s:2:"22";}'),
(106, 22, 'tasks', '更新任务剩余工作量', '任务ID:42;时间:04-10;剩余:0', '黄振', '::1', '2014-04-10 05:30:07', 'a:3:{s:2:"id";s:2:"42";s:8:"workload";s:29:"{"04-08":"0.5","04-09":"0.5"}";s:3:"fid";s:2:"22";}'),
(107, 22, 'tasks', '更新任务剩余工作量', '任务ID:42;时间:04-10;剩余:0.', '黄振', '::1', '2014-04-10 05:30:07', 'a:3:{s:2:"id";s:2:"42";s:8:"workload";s:41:"{"04-08":"0.5","04-09":"0.5","04-10":"0"}";s:3:"fid";s:2:"22";}'),
(108, 22, 'tasks', '更新任务剩余工作量', '任务ID:42;时间:04-10;剩余:0.5', '黄振', '::1', '2014-04-10 05:30:08', 'a:3:{s:2:"id";s:2:"42";s:8:"workload";s:42:"{"04-08":"0.5","04-09":"0.5","04-10":"0."}";s:3:"fid";s:2:"22";}'),
(109, 22, 'tasks', '更新任务剩余工作量', '任务ID:43;时间:04-10;剩余:2', '黄振', '::1', '2014-04-10 05:30:08', 'a:3:{s:2:"id";s:2:"43";s:8:"workload";s:25:"{"04-08":"2","04-09":"2"}";s:3:"fid";s:2:"22";}'),
(110, 22, 'tasks', '更新任务剩余工作量', '任务ID:44;时间:04-10;剩余:1', '黄振', '::1', '2014-04-10 05:30:09', 'a:3:{s:2:"id";s:2:"44";s:8:"workload";s:25:"{"04-08":"1","04-09":"1"}";s:3:"fid";s:2:"22";}'),
(111, 22, 'tasks', '更新任务剩余工作量', '任务ID:32;时间:04-10;剩余:0', '黄振', '::1', '2014-04-10 05:34:03', 'a:3:{s:2:"id";s:2:"32";s:8:"workload";s:107:"{"04-08":"0.5","04-09":"0","04-10":"0.1","04-11":"","04-14":"","04-15":"","04-16":"","04-17":"","04-18":""}";s:3:"fid";s:2:"22";}'),
(112, 22, 'tasks', '更新任务剩余工作量', '任务ID:33;时间:04-10;剩余:0', '黄振', '::1', '2014-04-10 05:39:11', 'a:3:{s:2:"id";s:2:"33";s:8:"workload";s:103:"{"04-08":"1","04-09":"1","04-10":"1","04-11":"","04-14":"","04-15":"","04-16":"","04-17":"","04-18":""}";s:3:"fid";s:2:"22";}'),
(113, 22, 'tasks', '更新任务剩余工作量', '任务ID:33;时间:04-10;剩余:0.', '黄振', '::1', '2014-04-10 05:39:11', 'a:3:{s:2:"id";s:2:"33";s:8:"workload";s:103:"{"04-08":"1","04-09":"1","04-10":"0","04-11":"","04-14":"","04-15":"","04-16":"","04-17":"","04-18":""}";s:3:"fid";s:2:"22";}'),
(114, 22, 'tasks', '更新任务剩余工作量', '任务ID:33;时间:04-10;剩余:0.5', '黄振', '::1', '2014-04-10 05:39:11', 'a:3:{s:2:"id";s:2:"33";s:8:"workload";s:104:"{"04-08":"1","04-09":"1","04-10":"0.","04-11":"","04-14":"","04-15":"","04-16":"","04-17":"","04-18":""}";s:3:"fid";s:2:"22";}'),
(115, 22, 'tasks', '更新任务剩余工作量', '任务ID:33;时间:04-10;剩余:1', '黄振', '::1', '2014-04-10 05:39:16', 'a:3:{s:2:"id";s:2:"33";s:8:"workload";s:105:"{"04-08":"1","04-09":"1","04-10":"0.5","04-11":"","04-14":"","04-15":"","04-16":"","04-17":"","04-18":""}";s:3:"fid";s:2:"22";}'),
(116, 6, 'setup', '新建', '新建立项工具(XX工具)', 'TESTer', '::1', '2014-04-25 08:44:36', ''),
(117, 6, 'setup', '更新立项', '更新立项信息', 'TESTer', '::1', '2014-04-25 08:59:36', 'a:1:{i:0;a:9:{s:2:"id";s:1:"6";s:5:"bname";s:8:"XX工具";s:7:"describ";s:269:"通过Hadoop(Hive+Hbase)提供数据以及计算能力，迁移原GM工具的各项功能（完成当前客服部物品找回业务），提升运算的范围与速度，并将将原有的固定化流程用系统实现，达到提升使用部门处理业务的效率。";s:10:"background";s:265:"原GM工具为XXX提供的PC客户端程序，通过连接XXX数据库的形式对玩家的数据进行相应查询，但工具因为年限以及技术问题无法提供更高效的查询与处理速度，目前已经达到瓶颈，影响部分部门的工作效率";s:6:"demand";s:591:"功能：帐号信息查询，角色信息查询，登录日志查询，物品交易日志查询，背包信息查询，封号，物品封服务器，物品转移操作，并可以将上述功能流程化运行。 \r<br/>性能：允许多人对同一区组同时进行相关数据查询(各单项业务10人同时查询，15s内返回所查询数据)\r<br/>输出：可以将部分相关的玩家数据导出为Excel\r<br/>输入：手工输入或SYS工单提供的数据(玩家帐号/玩家角色/丢失物品/时间范围)\r<br/>安全：每人每号且可由高权限用户自由分配权限";s:7:"meaning";s:473:"	解决原工具所遇到的部分无法使用/查询缓慢问题\r<br/>	新系统通过Hadoop(Hive+Hbase)提供强大的数据支撑，避免对线上游戏产生影响，并可以同时对同一区组进行数据查询\r<br/>	新系统将流程化工作一步到位，通过最终的运算，将业务所涉及到的所有数据一次性进行展示\r<br/>	通过定制化系统，可以智能判断是否为恶意找回等事项，减少客服部人员工作量";s:5:"other";s:744:"a:2:{s:4:"name";a:4:{i:1;s:24:"开发技术难点评估";i:2;s:18:"落地难点评估";i:3;s:24:"项目延期风险评估";i:4;s:30:"项目价值打折风险评估";}s:5:"value";a:4:{i:1;s:80:"Hbase的数据稳定性，以及驾驭能力，前端的联动性等技术难点";i:2;s:39:"客服部使用培训与习惯的改变";i:3;s:65:"Hbase未进行过实际业务的场景应用，可能存在风险";i:4;s:326:"	Hadoop集群的稳定性影响数据查询的准确 	Hive查询的预备时间，可能影响结果的查询速度 	客服部员工的使用习惯改变 	Hadoop集群夜间计算能力欠佳 	多人同时操作Hadoop集群时可能造成数据查询缓慢 	Hbase数据暂未全部录入，且暂未流程化";}}";s:3:"dwz";s:6:"18v4N4";s:5:"rldwz";s:6:"1Xcfl3";}}');
INSERT INTO `system_tools_log` (`id`, `tid`, `ttype`, `title`, `contents`, `auser`, `aip`, `intime`, `old_data`) VALUES
(118, 1, 'plan', '更新计划', '更新计划', 'TESTer', '::1', '2014-04-25 09:04:55', 'a:2:{s:4:"plan";a:7:{s:2:"id";s:1:"1";s:5:"bname";s:8:"GM工具";s:9:"begintime";s:10:"2014-03-05";s:7:"endtime";s:10:"2014-05-07";s:10:"exceptdays";s:248:"["2014-03-08","2014-03-09","2014-03-15","2014-03-16","2014-03-22","2014-03-23","2014-03-29","2014-03-30","2014-04-05","2014-04-06","2014-04-12","2014-04-13","2014-04-19","2014-04-20","2014-04-26","2014-04-27","2014-05-03","2014-05-04","2014-05-07"]";s:3:"dwz";s:6:"52D3A1";s:5:"rldwz";s:6:"1ursI3";}s:4:"list";a:36:{i:0;a:9:{s:2:"id";s:1:"1";s:3:"fid";s:1:"1";s:5:"title";s:3:"1.1";s:7:"describ";s:20:"完成Hbase表设计";s:5:"owner";s:9:"吴启超";s:5:"pdays";s:1:"2";s:7:"expstrt";s:10:"2014-03-05";s:7:"expendt";s:10:"2014-03-07";s:6:"is_del";s:1:"0";}i:1;a:9:{s:2:"id";s:1:"2";s:3:"fid";s:1:"1";s:5:"title";s:3:"1.2";s:7:"describ";s:23:"Hbase测试数据录入";s:5:"owner";s:9:"吴启超";s:5:"pdays";s:1:"4";s:7:"expstrt";s:10:"2014-03-07";s:7:"expendt";s:10:"2014-03-12";s:6:"is_del";s:1:"0";}i:2;a:9:{s:2:"id";s:1:"3";s:3:"fid";s:1:"1";s:5:"title";s:3:"1.3";s:7:"describ";s:39:"完成系统《系统功能说明书》";s:5:"owner";s:6:"黄振";s:5:"pdays";s:1:"3";s:7:"expstrt";s:10:"2014-03-05";s:7:"expendt";s:10:"2014-03-07";s:6:"is_del";s:1:"0";}i:3;a:9:{s:2:"id";s:1:"4";s:3:"fid";s:1:"1";s:5:"title";s:3:"1.4";s:7:"describ";s:50:"完成Hbase中表数据的自动化录入与检测";s:5:"owner";s:9:"吴启超";s:5:"pdays";s:1:"2";s:7:"expstrt";s:10:"2014-03-12";s:7:"expendt";s:10:"2014-03-14";s:6:"is_del";s:1:"0";}i:4;a:9:{s:2:"id";s:1:"5";s:3:"fid";s:1:"1";s:5:"title";s:3:"1.5";s:7:"describ";s:30:"完成《系统详细设计》";s:5:"owner";s:9:"张广欣";s:5:"pdays";s:1:"6";s:7:"expstrt";s:10:"2014-03-07";s:7:"expendt";s:10:"2014-03-14";s:6:"is_del";s:1:"0";}i:5;a:9:{s:2:"id";s:1:"6";s:3:"fid";s:1:"1";s:5:"title";s:3:"2.1";s:7:"describ";s:18:"接口集群打通";s:5:"owner";s:9:"苏国鑫";s:5:"pdays";s:1:"0";s:7:"expstrt";s:10:"2014-03-18";s:7:"expendt";s:10:"2014-03-18";s:6:"is_del";s:1:"0";}i:6;a:9:{s:2:"id";s:1:"7";s:3:"fid";s:1:"1";s:5:"title";s:3:"2.2";s:7:"describ";s:20:"Hbase功能点迁移";s:5:"owner";s:9:"吴启超";s:5:"pdays";s:1:"1";s:7:"expstrt";s:10:"2014-03-18";s:7:"expendt";s:10:"2014-03-18";s:6:"is_del";s:1:"0";}i:7;a:9:{s:2:"id";s:1:"8";s:3:"fid";s:1:"1";s:5:"title";s:3:"2.3";s:7:"describ";s:31:"JAVA接口RSA加密算法重构";s:5:"owner";s:9:"苏国鑫";s:5:"pdays";s:1:"2";s:7:"expstrt";s:10:"2014-03-19";s:7:"expendt";s:10:"2014-03-20";s:6:"is_del";s:1:"0";}i:8;a:9:{s:2:"id";s:1:"9";s:3:"fid";s:1:"1";s:5:"title";s:3:"2.4";s:7:"describ";s:28:"PHP DES解密，接口对接";s:5:"owner";s:9:"张广欣";s:5:"pdays";s:1:"2";s:7:"expstrt";s:10:"2014-03-18";s:7:"expendt";s:10:"2014-03-19";s:6:"is_del";s:1:"0";}i:9;a:9:{s:2:"id";s:2:"10";s:3:"fid";s:1:"1";s:5:"title";s:3:"2.5";s:7:"describ";s:35:"Hbase AccountInfo定时数据录入";s:5:"owner";s:9:"吴启超";s:5:"pdays";s:1:"2";s:7:"expstrt";s:10:"2014-03-18";s:7:"expendt";s:10:"2014-03-19";s:6:"is_del";s:1:"0";}i:10;a:9:{s:2:"id";s:2:"11";s:3:"fid";s:1:"1";s:5:"title";s:3:"2.6";s:7:"describ";s:31:"Java连接线上库公共方法";s:5:"owner";s:9:"苏国鑫";s:5:"pdays";s:1:"1";s:7:"expstrt";s:10:"2014-03-20";s:7:"expendt";s:10:"2014-03-20";s:6:"is_del";s:1:"0";}i:11;a:9:{s:2:"id";s:2:"12";s:3:"fid";s:1:"1";s:5:"title";s:3:"2.7";s:7:"describ";s:26:"loginlog定时数据录入";s:5:"owner";s:9:"吴启超";s:5:"pdays";s:1:"2";s:7:"expstrt";s:10:"2014-03-20";s:7:"expendt";s:10:"2014-03-21";s:6:"is_del";s:1:"0";}i:12;a:9:{s:2:"id";s:2:"13";s:3:"fid";s:1:"1";s:5:"title";s:3:"2.8";s:7:"describ";s:22:"帐号信息Java接口";s:5:"owner";s:9:"苏国鑫";s:5:"pdays";s:1:"1";s:7:"expstrt";s:10:"2014-03-21";s:7:"expendt";s:10:"2014-03-21";s:6:"is_del";s:1:"0";}i:13;a:9:{s:2:"id";s:2:"14";s:3:"fid";s:1:"1";s:5:"title";s:3:"2.9";s:7:"describ";s:22:"角色道具Java接口";s:5:"owner";s:9:"苏国鑫";s:5:"pdays";s:1:"1";s:7:"expstrt";s:10:"2014-03-24";s:7:"expendt";s:10:"2014-03-24";s:6:"is_del";s:1:"0";}i:14;a:9:{s:2:"id";s:2:"15";s:3:"fid";s:1:"1";s:5:"title";s:4:"2.10";s:7:"describ";s:39:"帐号信息功能模块（前后台）";s:5:"owner";s:9:"张广欣";s:5:"pdays";s:1:"0";s:7:"expstrt";s:10:"2014-03-24";s:7:"expendt";s:10:"2014-03-24";s:6:"is_del";s:1:"0";}i:15;a:9:{s:2:"id";s:2:"16";s:3:"fid";s:1:"1";s:5:"title";s:4:"2.11";s:7:"describ";s:22:"登录日志Java接口";s:5:"owner";s:9:"苏国鑫";s:5:"pdays";s:1:"0";s:7:"expstrt";s:10:"2014-03-25";s:7:"expendt";s:10:"2014-03-25";s:6:"is_del";s:1:"0";}i:16;a:9:{s:2:"id";s:2:"17";s:3:"fid";s:1:"1";s:5:"title";s:4:"2.12";s:7:"describ";s:39:"角色信息功能模块（前后台）";s:5:"owner";s:9:"张广欣";s:5:"pdays";s:1:"0";s:7:"expstrt";s:10:"2014-03-25";s:7:"expendt";s:10:"2014-03-25";s:6:"is_del";s:1:"0";}i:17;a:9:{s:2:"id";s:2:"18";s:3:"fid";s:1:"1";s:5:"title";s:4:"2.13";s:7:"describ";s:45:"帐号登录日志功能模块（前后台）";s:5:"owner";s:9:"张广欣";s:5:"pdays";s:1:"0";s:7:"expstrt";s:10:"2014-03-26";s:7:"expendt";s:10:"2014-03-26";s:6:"is_del";s:1:"0";}i:18;a:9:{s:2:"id";s:2:"19";s:3:"fid";s:1:"1";s:5:"title";s:6:"测评";s:7:"describ";s:27:"QA/需求方测试与评审";s:5:"owner";s:2:"QA";s:5:"pdays";s:1:"0";s:7:"expstrt";s:10:"2014-03-27";s:7:"expendt";s:10:"2014-04-03";s:6:"is_del";s:1:"0";}i:19;a:9:{s:2:"id";s:2:"20";s:3:"fid";s:1:"1";s:5:"title";s:3:"3.1";s:7:"describ";s:51:"角色特殊字符在不同浏览器下处理问题";s:5:"owner";s:9:"张广欣";s:5:"pdays";s:3:"0.5";s:7:"expstrt";s:10:"2014-04-08";s:7:"expendt";s:10:"2014-04-08";s:6:"is_del";s:1:"0";}i:20;a:9:{s:2:"id";s:2:"21";s:3:"fid";s:1:"1";s:5:"title";s:3:"3.2";s:7:"describ";s:42:"Hbase角色交易数据准备&定时入库";s:5:"owner";s:9:"吴启超";s:5:"pdays";s:1:"1";s:7:"expstrt";s:10:"2014-04-08";s:7:"expendt";s:10:"2014-04-08";s:6:"is_del";s:1:"0";}i:21;a:9:{s:2:"id";s:2:"22";s:3:"fid";s:1:"1";s:5:"title";s:3:"3.3";s:7:"describ";s:30:"基于Hbase的Java接口实现";s:5:"owner";s:9:"苏国鑫";s:5:"pdays";s:3:"0.5";s:7:"expstrt";s:10:"2014-04-09";s:7:"expendt";s:10:"2014-04-09";s:6:"is_del";s:1:"0";}i:22;a:9:{s:2:"id";s:2:"23";s:3:"fid";s:1:"1";s:5:"title";s:3:"3.4";s:7:"describ";s:38:"GM工具角色交易日志前端实现";s:5:"owner";s:9:"张广欣";s:5:"pdays";s:3:"0.5";s:7:"expstrt";s:10:"2014-04-09";s:7:"expendt";s:10:"2014-04-09";s:6:"is_del";s:1:"0";}i:23;a:9:{s:2:"id";s:2:"24";s:3:"fid";s:1:"1";s:5:"title";s:3:"3.5";s:7:"describ";s:50:"基于Hbase的物品流向物品流向算法实现";s:5:"owner";s:9:"苏国鑫";s:5:"pdays";s:3:"0.5";s:7:"expstrt";s:10:"2014-04-10";s:7:"expendt";s:10:"2014-04-11";s:6:"is_del";s:1:"0";}i:24;a:9:{s:2:"id";s:2:"25";s:3:"fid";s:1:"1";s:5:"title";s:3:"3.6";s:7:"describ";s:38:"基于Hbase的物品流向接口实现";s:5:"owner";s:9:"苏国鑫";s:5:"pdays";s:1:"2";s:7:"expstrt";s:10:"2014-04-15";s:7:"expendt";s:10:"2014-04-15";s:6:"is_del";s:1:"0";}i:25;a:9:{s:2:"id";s:2:"26";s:3:"fid";s:1:"1";s:5:"title";s:6:"测评";s:7:"describ";s:27:"QA/需求方测试与评审";s:5:"owner";s:9:"QA/需求";s:5:"pdays";s:1:"0";s:7:"expstrt";s:10:"2014-04-21";s:7:"expendt";s:10:"2014-04-28";s:6:"is_del";s:1:"0";}i:26;a:9:{s:2:"id";s:2:"27";s:3:"fid";s:1:"1";s:5:"title";s:3:"4.1";s:7:"describ";s:38:"串联帐号/角色/物品交易记录";s:5:"owner";s:6:"未定";s:5:"pdays";s:1:"0";s:7:"expstrt";s:10:"2014-04-29";s:7:"expendt";s:10:"2014-04-29";s:6:"is_del";s:1:"0";}i:27;a:9:{s:2:"id";s:2:"28";s:3:"fid";s:1:"1";s:5:"title";s:3:"4.2";s:7:"describ";s:96:"根据时间范围与装备名称模糊匹配，获得物品的GID，并完成物品流向查询";s:5:"owner";s:6:"未定";s:5:"pdays";s:1:"0";s:7:"expstrt";s:10:"2014-04-30";s:7:"expendt";s:10:"2014-04-30";s:6:"is_del";s:1:"0";}i:28;a:9:{s:2:"id";s:2:"29";s:3:"fid";s:1:"1";s:5:"title";s:3:"4.3";s:7:"describ";s:45:"查询最终流向帐号的玩家物品信息";s:5:"owner";s:6:"未定";s:5:"pdays";s:1:"0";s:7:"expstrt";s:10:"2014-05-01";s:7:"expendt";s:10:"2014-05-01";s:6:"is_del";s:1:"0";}i:29;a:9:{s:2:"id";s:2:"30";s:3:"fid";s:1:"1";s:5:"title";s:3:"4.4";s:7:"describ";s:78:"开放恶意找回检测API，允许系统智能化判断是否为恶意找回";s:5:"owner";s:6:"未定";s:5:"pdays";s:1:"0";s:7:"expstrt";s:10:"2014-05-02";s:7:"expendt";s:10:"2014-05-02";s:6:"is_del";s:1:"0";}i:30;a:9:{s:2:"id";s:2:"31";s:3:"fid";s:1:"1";s:5:"title";s:6:"测评";s:7:"describ";s:27:"QA/需求方测试与评审";s:5:"owner";s:9:"QA/需求";s:5:"pdays";s:1:"0";s:7:"expstrt";s:10:"2014-05-03";s:7:"expendt";s:10:"2014-05-09";s:6:"is_del";s:1:"0";}i:31;a:9:{s:2:"id";s:2:"32";s:3:"fid";s:1:"1";s:5:"title";s:3:"3.7";s:7:"describ";s:32:"GM工具物品流向节点实现";s:5:"owner";s:9:"张广欣";s:5:"pdays";s:1:"1";s:7:"expstrt";s:10:"2014-04-14";s:7:"expendt";s:10:"2014-04-14";s:6:"is_del";s:1:"0";}i:32;a:9:{s:2:"id";s:2:"33";s:3:"fid";s:1:"1";s:5:"title";s:3:"3.8";s:7:"describ";s:54:"图形展示插件选择与实际效果需求方认可";s:5:"owner";s:9:"张广欣";s:5:"pdays";s:1:"1";s:7:"expstrt";s:10:"2014-04-15";s:7:"expendt";s:10:"2014-04-15";s:6:"is_del";s:1:"0";}i:33;a:9:{s:2:"id";s:2:"34";s:3:"fid";s:1:"1";s:5:"title";s:3:"3.9";s:7:"describ";s:27:"恶意找回检测API接口";s:5:"owner";s:9:"苏国鑫";s:5:"pdays";s:3:"0.5";s:7:"expstrt";s:10:"2014-04-14";s:7:"expendt";s:10:"2014-04-14";s:6:"is_del";s:1:"0";}i:34;a:9:{s:2:"id";s:2:"35";s:3:"fid";s:1:"1";s:5:"title";s:4:"3.10";s:7:"describ";s:40:"GM工具物品流向节点实现(图形)";s:5:"owner";s:9:"张广欣";s:5:"pdays";s:1:"2";s:7:"expstrt";s:10:"2014-04-16";s:7:"expendt";s:10:"2014-04-17";s:6:"is_del";s:1:"0";}i:35;a:9:{s:2:"id";s:2:"36";s:3:"fid";s:1:"1";s:5:"title";s:4:"3.11";s:7:"describ";s:53:"GM工具系统引入Memcache缓存技术,提高效率";s:5:"owner";s:9:"张广欣";s:5:"pdays";s:1:"1";s:7:"expstrt";s:10:"2014-04-18";s:7:"expendt";s:10:"2014-04-18";s:6:"is_del";s:1:"0";}}}'),
(119, 1, 'tasks', '更新任务', '更新面板与任务数据', 'TESTer', '::1', '2014-04-25 09:06:00', 'a:2:{s:5:"tasks";a:7:{s:2:"id";s:1:"1";s:5:"bname";s:25:"GM工具(第一次迭代)";s:9:"begintime";s:10:"2014-03-18";s:7:"endtime";s:10:"2014-03-26";s:10:"exceptdays";s:27:"["2014-03-22","2014-03-23"]";s:3:"dwz";s:6:"1psvu3";s:5:"rldwz";s:6:"5inSE1";}s:4:"list";a:13:{i:0;a:7:{s:2:"id";s:1:"1";s:3:"fid";s:1:"1";s:5:"story";s:18:"接口集群打通";s:5:"owner";s:9:"苏国鑫";s:7:"expendt";s:10:"2014-03-18";s:8:"workload";s:87:"{"03-18":"0.1","03-19":"0","03-20":"0","03-21":"0","03-24":"0","03-25":"1","03-26":"0"}";s:6:"is_del";s:1:"0";}i:1;a:7:{s:2:"id";s:1:"2";s:3:"fid";s:1:"1";s:5:"story";s:20:"Hbase功能点迁移";s:5:"owner";s:9:"吴启超";s:7:"expendt";s:10:"2014-03-18";s:8:"workload";s:89:"{"03-18":"1","03-19":"0.2","03-20":"0.2","03-21":"0","03-24":"0","03-25":"0","03-26":"0"}";s:6:"is_del";s:1:"0";}i:2;a:7:{s:2:"id";s:1:"3";s:3:"fid";s:1:"1";s:5:"story";s:31:"JAVA接口RSA加密算法重构";s:5:"owner";s:9:"苏国鑫";s:7:"expendt";s:10:"2014-03-19";s:8:"workload";s:91:"{"03-18":"0.5","03-19":"0.5","03-20":"0.2","03-21":"0","03-24":"0","03-25":"0","03-26":"0"}";s:6:"is_del";s:1:"0";}i:3;a:7:{s:2:"id";s:1:"4";s:3:"fid";s:1:"1";s:5:"story";s:28:"PHP DES解密，接口对接";s:5:"owner";s:9:"张广欣";s:7:"expendt";s:10:"2014-03-20";s:8:"workload";s:87:"{"03-18":"1","03-19":"0.2","03-20":"0","03-21":"0","03-24":"0","03-25":"0","03-26":"0"}";s:6:"is_del";s:1:"0";}i:4;a:7:{s:2:"id";s:1:"5";s:3:"fid";s:1:"1";s:5:"story";s:35:"Hbase AccountInfo定时数据录入";s:5:"owner";s:9:"吴启超";s:7:"expendt";s:10:"2014-03-20";s:8:"workload";s:93:"{"03-18":"0.5","03-19":"0.5","03-20":"0.5","03-21":"0.3","03-24":"0","03-25":"0","03-26":"0"}";s:6:"is_del";s:1:"0";}i:5;a:7:{s:2:"id";s:1:"6";s:3:"fid";s:1:"1";s:5:"story";s:31:"Java连接线上库公共方法";s:5:"owner";s:9:"苏国鑫";s:7:"expendt";s:10:"2014-03-21";s:8:"workload";s:89:"{"03-18":"1","03-19":"1","03-20":"1","03-21":"0.5","03-24":"0.1","03-25":"0","03-26":"0"}";s:6:"is_del";s:1:"0";}i:6;a:7:{s:2:"id";s:1:"7";s:3:"fid";s:1:"1";s:5:"story";s:26:"loginlog定时数据录入";s:5:"owner";s:9:"吴启超";s:7:"expendt";s:10:"2014-03-21";s:8:"workload";s:93:"{"03-18":"0.5","03-19":"0.5","03-20":"0.5","03-21":"0.3","03-24":"0","03-25":"0","03-26":"0"}";s:6:"is_del";s:1:"0";}i:7;a:7:{s:2:"id";s:1:"8";s:3:"fid";s:1:"1";s:5:"story";s:22:"帐号信息Java接口";s:5:"owner";s:9:"苏国鑫";s:7:"expendt";s:10:"2014-03-24";s:8:"workload";s:95:"{"03-18":"1","03-19":"0.5","03-20":"0.5","03-21":"0.5","03-24":"0.5","03-25":"0.5","03-26":"0"}";s:6:"is_del";s:1:"0";}i:8;a:7:{s:2:"id";s:1:"9";s:3:"fid";s:1:"1";s:5:"story";s:22:"角色道具Java接口";s:5:"owner";s:9:"苏国鑫";s:7:"expendt";s:10:"2014-03-24";s:8:"workload";s:97:"{"03-18":"0.5","03-19":"0.5","03-20":"0.5","03-21":"0.5","03-24":"0.5","03-25":"0.5","03-26":"0"}";s:6:"is_del";s:1:"0";}i:9;a:7:{s:2:"id";s:2:"10";s:3:"fid";s:1:"1";s:5:"story";s:39:"帐号信息功能模块（前后台）";s:5:"owner";s:9:"张广欣";s:7:"expendt";s:10:"2014-03-25";s:8:"workload";s:97:"{"03-18":"0.5","03-19":"0.5","03-20":"0.4","03-21":"0.4","03-24":"0.4","03-25":"0.4","03-26":"0"}";s:6:"is_del";s:1:"0";}i:10;a:7:{s:2:"id";s:2:"11";s:3:"fid";s:1:"1";s:5:"story";s:22:"登录日志Java接口";s:5:"owner";s:9:"苏国鑫";s:7:"expendt";s:10:"2014-03-25";s:8:"workload";s:97:"{"03-18":"0.5","03-19":"0.5","03-20":"0.5","03-21":"0.5","03-24":"0.5","03-25":"0.5","03-26":"1"}";s:6:"is_del";s:1:"0";}i:11;a:7:{s:2:"id";s:2:"12";s:3:"fid";s:1:"1";s:5:"story";s:39:"角色信息功能模块（前后台）";s:5:"owner";s:9:"张广欣";s:7:"expendt";s:10:"2014-03-25";s:8:"workload";s:97:"{"03-18":"0.5","03-19":"0.5","03-20":"0.4","03-21":"0.4","03-24":"0.4","03-25":"0.1","03-26":"2"}";s:6:"is_del";s:1:"0";}i:12;a:7:{s:2:"id";s:2:"13";s:3:"fid";s:1:"1";s:5:"story";s:45:"帐号登录日志功能模块（前后台）";s:5:"owner";s:9:"张广欣";s:7:"expendt";s:10:"2014-03-26";s:8:"workload";s:87:"{"03-26":"0","03-18":"0.2","03-19":"1","03-20":"4","03-21":"1","03-24":"1","03-25":"1"}";s:6:"is_del";s:1:"0";}}}'),
(120, 22, 'tasks', '更新任务', '更新面板与任务数据', 'TESTer', '::1', '2014-04-25 09:06:53', 'a:2:{s:5:"tasks";a:7:{s:2:"id";s:2:"22";s:5:"bname";s:25:"GM工具(第二次迭代)";s:9:"begintime";s:10:"2014-04-08";s:7:"endtime";s:10:"2014-04-18";s:10:"exceptdays";s:27:"["2014-04-12","2014-04-13"]";s:3:"dwz";s:6:"1Zu2Y3";s:5:"rldwz";s:6:"1K8403";}s:4:"list";a:11:{i:0;a:7:{s:2:"id";s:2:"32";s:3:"fid";s:2:"22";s:5:"story";s:51:"角色特殊字符在不同浏览器下处理问题";s:5:"owner";s:9:"张广欣";s:7:"expendt";s:10:"2014-04-08";s:8:"workload";s:105:"{"04-08":"0.5","04-09":"0","04-10":"0","04-11":"","04-14":"","04-15":"","04-16":"","04-17":"","04-18":""}";s:6:"is_del";s:1:"0";}i:1;a:7:{s:2:"id";s:2:"33";s:3:"fid";s:2:"22";s:5:"story";s:42:"Hbase角色交易数据准备&定时入库";s:5:"owner";s:9:"吴启超";s:7:"expendt";s:10:"2014-04-08";s:8:"workload";s:103:"{"04-08":"1","04-09":"1","04-10":"1","04-11":"","04-14":"","04-15":"","04-16":"","04-17":"","04-18":""}";s:6:"is_del";s:1:"0";}i:2;a:7:{s:2:"id";s:2:"36";s:3:"fid";s:2:"22";s:5:"story";s:30:"基于Hbase的Java接口实现";s:5:"owner";s:9:"苏国鑫";s:7:"expendt";s:10:"2014-04-09";s:8:"workload";s:43:"{"04-08":"0.5","04-09":"0.2","04-10":"0.2"}";s:6:"is_del";s:1:"0";}i:3;a:7:{s:2:"id";s:2:"37";s:3:"fid";s:2:"22";s:5:"story";s:38:"GM工具角色交易日志前端实现";s:5:"owner";s:9:"张广欣";s:7:"expendt";s:10:"2014-04-09";s:8:"workload";s:43:"{"04-08":"0.5","04-09":"0.5","04-10":"0.5"}";s:6:"is_del";s:1:"0";}i:4;a:7:{s:2:"id";s:2:"38";s:3:"fid";s:2:"22";s:5:"story";s:50:"基于Hbase的物品流向物品流向算法实现";s:5:"owner";s:9:"苏国鑫";s:7:"expendt";s:10:"2014-04-09";s:8:"workload";s:43:"{"04-08":"0.5","04-09":"0.5","04-10":"0.5"}";s:6:"is_del";s:1:"0";}i:5;a:7:{s:2:"id";s:2:"39";s:3:"fid";s:2:"22";s:5:"story";s:38:"基于Hbase的物品流向接口实现";s:5:"owner";s:9:"苏国鑫";s:7:"expendt";s:10:"2014-04-11";s:8:"workload";s:37:"{"04-08":"2","04-09":"2","04-10":"2"}";s:6:"is_del";s:1:"0";}i:6;a:7:{s:2:"id";s:2:"40";s:3:"fid";s:2:"22";s:5:"story";s:32:"GM工具物品流向节点实现";s:5:"owner";s:9:"张广欣";s:7:"expendt";s:10:"2014-04-14";s:8:"workload";s:37:"{"04-08":"1","04-09":"1","04-10":"1"}";s:6:"is_del";s:1:"0";}i:7;a:7:{s:2:"id";s:2:"41";s:3:"fid";s:2:"22";s:5:"story";s:54:"图形展示插件选择与实际效果需求方认可";s:5:"owner";s:9:"张广欣";s:7:"expendt";s:10:"2014-04-14";s:8:"workload";s:37:"{"04-08":"1","04-09":"1","04-10":"1"}";s:6:"is_del";s:1:"0";}i:8;a:7:{s:2:"id";s:2:"42";s:3:"fid";s:2:"22";s:5:"story";s:27:"恶意找回检测API接口";s:5:"owner";s:9:"苏国鑫";s:7:"expendt";s:10:"2014-04-14";s:8:"workload";s:43:"{"04-08":"0.5","04-09":"0.5","04-10":"0.5"}";s:6:"is_del";s:1:"0";}i:9;a:7:{s:2:"id";s:2:"43";s:3:"fid";s:2:"22";s:5:"story";s:40:"GM工具物品流向节点实现(图形)";s:5:"owner";s:9:"张广欣";s:7:"expendt";s:10:"2014-04-17";s:8:"workload";s:37:"{"04-08":"2","04-09":"2","04-10":"2"}";s:6:"is_del";s:1:"0";}i:10;a:7:{s:2:"id";s:2:"44";s:3:"fid";s:2:"22";s:5:"story";s:53:"GM工具系统引入Memcache缓存技术,提高效率";s:5:"owner";s:9:"张广欣";s:7:"expendt";s:10:"2014-04-18";s:8:"workload";s:37:"{"04-08":"1","04-09":"1","04-10":"1"}";s:6:"is_del";s:1:"0";}}}');

-- --------------------------------------------------------

--
-- 表的结构 `tools_docs`
--

CREATE TABLE IF NOT EXISTS `tools_docs` (
  `id` int(11) NOT NULL AUTO_INCREMENT,
  `bname` varchar(25) NOT NULL COMMENT '文件夹名称',
  `dwz` varchar(6) NOT NULL,
  `rldwz` varchar(6) NOT NULL,
  PRIMARY KEY (`id`)
) ENGINE=InnoDB  DEFAULT CHARSET=utf8 AUTO_INCREMENT=5 ;

--
-- 转存表中的数据 `tools_docs`
--

INSERT INTO `tools_docs` (`id`, `bname`, `dwz`, `rldwz`) VALUES
(1, 'GM工具', '1ePoF3', '1Ai1U3'),
(2, 'hahahah', 'aoOzy', '1dyFT2'),
(3, 'hahahahah', 'BGs7Y1', 'nYCGG2'),
(4, 'heheheheh', '1DHcW4', '34VbM');

-- --------------------------------------------------------

--
-- 表的结构 `tools_docs_list`
--

CREATE TABLE IF NOT EXISTS `tools_docs_list` (
  `id` int(11) NOT NULL AUTO_INCREMENT,
  `fid` int(11) NOT NULL COMMENT '父ID',
  `fname` varchar(100) NOT NULL,
  `fsize` int(11) NOT NULL,
  `ftype` varchar(15) NOT NULL,
  `updatetime` datetime NOT NULL,
  `dwz` varchar(6) NOT NULL,
  `is_del` int(11) NOT NULL DEFAULT '0',
  PRIMARY KEY (`id`)
) ENGINE=InnoDB  DEFAULT CHARSET=utf8 AUTO_INCREMENT=18 ;

--
-- 转存表中的数据 `tools_docs_list`
--

INSERT INTO `tools_docs_list` (`id`, `fid`, `fname`, `fsize`, `ftype`, `updatetime`, `dwz`, `is_del`) VALUES
(1, 1, '1_可行性研究报告.docx', 83376, 'application/vnd', '2014-03-30 11:31:28', '1kBcN3', 0),
(2, 1, '2_前置需求分析.docx', 210814, 'application/vnd', '2014-03-30 11:31:28', 'DNX7z', 0),
(3, 1, '3_立项计划书.docx', 104222, 'application/vnd', '2014-03-30 11:31:39', 'XxD8j', 1),
(4, 1, '4_需求规格说明书.docx', 909358, 'application/vnd', '2014-03-30 11:31:42', '4EigA2', 1),
(5, 1, '5_系统详细设计.docx', 181182, 'application/vnd', '2014-03-30 11:31:44', 'Kqc5u1', 1),
(6, 1, '测试计划.doc', 144384, 'application/msw', '2014-03-30 11:31:46', '1duEJ4', 1),
(7, 1, '测试用例.xls', 216576, 'application/vnd', '2014-03-30 11:31:49', '1OaHR2', 1),
(8, 1, '测试用例.xls', 216576, 'application/vnd', '2014-03-30 11:31:51', '1xuCJ4', 1),
(9, 1, '迭代计划表.xlsx', 16599, 'application/vnd', '2014-03-30 11:31:56', 'kI7it', 1),
(10, 1, '项目甘特图.vsd', 974848, 'application/vnd', '2014-03-30 11:31:58', 'e90uK2', 1),
(11, 2, '4_需求规格说明书.docx', 909358, 'application/vnd', '2014-03-31 06:27:34', '1Rxbt3', 0),
(12, 1, '4_需求规格说明书.docx', 909358, 'application/vnd', '2014-04-03 10:37:39', 'unnt52', 1),
(13, 1, '测试计划.doc', 144384, 'application/msw', '2014-04-04 01:21:45', 'ukZ3Z', 0),
(14, 1, '测试计划.doc', 144384, 'application/msw', '2014-04-04 01:21:47', 'NvTG02', 0),
(15, 4, '5_系统详细设计.docx', 181182, 'application/vnd', '2014-04-04 06:24:10', 'IsX21', 1),
(16, 4, '5_系统详细设计.docx', 181182, 'application/vnd', '2014-04-04 06:25:29', 'kRh0T', 1),
(17, 1, '5_系统详细设计.docx', 181182, 'application/vnd', '2014-04-04 08:23:49', '535uA2', 0);

-- --------------------------------------------------------

--
-- 表的结构 `tools_meeting`
--

CREATE TABLE IF NOT EXISTS `tools_meeting` (
  `id` int(11) NOT NULL AUTO_INCREMENT,
  `bname` varchar(50) NOT NULL,
  `dwz` varchar(6) NOT NULL,
  `rldwz` varchar(6) NOT NULL,
  PRIMARY KEY (`id`)
) ENGINE=InnoDB  DEFAULT CHARSET=utf8 AUTO_INCREMENT=4 ;

--
-- 转存表中的数据 `tools_meeting`
--

INSERT INTO `tools_meeting` (`id`, `bname`, `dwz`, `rldwz`) VALUES
(1, 'GM工具', '1GUsK4', 'mo56E'),
(2, 'fafasfs', '1RvlC4', '10AZg3'),
(3, 'saddsasda', 'WiY8u', 'qIqRj1');

-- --------------------------------------------------------

--
-- 表的结构 `tools_meeting_list`
--

CREATE TABLE IF NOT EXISTS `tools_meeting_list` (
  `id` int(11) NOT NULL AUTO_INCREMENT,
  `fid` int(11) NOT NULL,
  `mname` varchar(50) NOT NULL,
  `begintime` datetime NOT NULL,
  `people` varchar(100) NOT NULL,
  `info` text NOT NULL,
  `memo` text NOT NULL,
  `is_del` int(11) NOT NULL,
  PRIMARY KEY (`id`)
) ENGINE=InnoDB  DEFAULT CHARSET=utf8 AUTO_INCREMENT=4 ;

--
-- 转存表中的数据 `tools_meeting_list`
--

INSERT INTO `tools_meeting_list` (`id`, `fid`, `mname`, `begintime`, `people`, `info`, `memo`, `is_del`) VALUES
(1, 1, '立项计划会', '2014-03-05 19:33:31', '宋洋\r\n沈崴\r\n邓楠\r\n吴启超\r\n苏国鑫\r\n杨业\r\n马建楠\r\n黄振\r\n张广欣', '讲述《立项计划书》中涉及的概述背景需求意义以及详细的工期安排', 'QA介入\r\n从新定制项目计划并发送给全体成员', 0),
(2, 2, 'asd', '2014-04-03 14:31:42', 'asd', 'fsa', 'fsa', 0),
(3, 3, '123', '2014-04-10 14:45:54', '', '', '', 0);

-- --------------------------------------------------------

--
-- 表的结构 `tools_plan`
--

CREATE TABLE IF NOT EXISTS `tools_plan` (
  `id` int(11) NOT NULL AUTO_INCREMENT COMMENT 'ID',
  `bname` varchar(50) NOT NULL COMMENT '名称',
  `begintime` date NOT NULL COMMENT '开始',
  `endtime` date NOT NULL COMMENT '结束',
  `exceptdays` varchar(500) NOT NULL COMMENT '排除',
  `dwz` varchar(6) NOT NULL COMMENT '短网址',
  `rldwz` varchar(6) NOT NULL COMMENT '只读短网址',
  PRIMARY KEY (`id`)
) ENGINE=InnoDB  DEFAULT CHARSET=utf8 AUTO_INCREMENT=2 ;

--
-- 转存表中的数据 `tools_plan`
--

INSERT INTO `tools_plan` (`id`, `bname`, `begintime`, `endtime`, `exceptdays`, `dwz`, `rldwz`) VALUES
(1, 'XX工具', '2014-03-05', '2014-05-07', '["2014-03-08","2014-03-09","2014-03-15","2014-03-16","2014-03-22","2014-03-23","2014-03-29","2014-03-30","2014-04-05","2014-04-06","2014-04-12","2014-04-13","2014-04-19","2014-04-20","2014-04-26","2014-04-27","2014-05-03","2014-05-04","2014-05-07"]', '52D3A1', '1ursI3');

-- --------------------------------------------------------

--
-- 表的结构 `tools_plan_milestone`
--

CREATE TABLE IF NOT EXISTS `tools_plan_milestone` (
  `id` int(11) NOT NULL AUTO_INCREMENT COMMENT 'ID',
  `fid` int(11) NOT NULL COMMENT '父ID',
  `title` varchar(50) NOT NULL COMMENT '名称',
  `describ` varchar(255) NOT NULL COMMENT '介绍',
  `timepoint` date NOT NULL COMMENT '时间点',
  `is_del` int(11) NOT NULL DEFAULT '0' COMMENT '删除标识',
  PRIMARY KEY (`id`)
) ENGINE=InnoDB  DEFAULT CHARSET=utf8 AUTO_INCREMENT=5 ;

--
-- 转存表中的数据 `tools_plan_milestone`
--

INSERT INTO `tools_plan_milestone` (`id`, `fid`, `title`, `describ`, `timepoint`, `is_del`) VALUES
(1, 1, '一', '前期数据准备&系统设计结束', '2014-03-14', 0),
(2, 1, '二', '第一次迭代结束', '2014-03-27', 0),
(3, 1, '三', '第二次迭代结束', '2014-04-18', 0),
(4, 1, '四', '第三次迭代结束', '2014-05-09', 0);

-- --------------------------------------------------------

--
-- 表的结构 `tools_plan_task`
--

CREATE TABLE IF NOT EXISTS `tools_plan_task` (
  `id` int(11) NOT NULL AUTO_INCREMENT COMMENT 'ID',
  `fid` int(11) NOT NULL COMMENT '父亲ID',
  `title` varchar(50) NOT NULL COMMENT '名称',
  `describ` varchar(150) NOT NULL COMMENT '详情',
  `owner` varchar(20) NOT NULL COMMENT '相关者',
  `pdays` float NOT NULL COMMENT '人天(工作量)',
  `expstrt` date NOT NULL COMMENT '预计开始',
  `expendt` date NOT NULL COMMENT '预计完成',
  `is_del` int(11) NOT NULL DEFAULT '0' COMMENT '是否删除(1:删除,0:正常)',
  PRIMARY KEY (`id`),
  KEY `fid` (`fid`)
) ENGINE=InnoDB  DEFAULT CHARSET=utf8 AUTO_INCREMENT=37 ;

--
-- 转存表中的数据 `tools_plan_task`
--

INSERT INTO `tools_plan_task` (`id`, `fid`, `title`, `describ`, `owner`, `pdays`, `expstrt`, `expendt`, `is_del`) VALUES
(1, 1, '1.1', '完成Hbase表设计', 'xxx', 2, '2014-03-05', '2014-03-07', 0),
(2, 1, '1.2', 'Hbase测试数据录入', 'xxx', 4, '2014-03-07', '2014-03-12', 0),
(3, 1, '1.3', '完成系统《系统功能说明书》', 'xxx', 3, '2014-03-05', '2014-03-07', 0),
(4, 1, '1.4', '完成Hbase中表数据的自动化录入与检测', 'xxx', 2, '2014-03-12', '2014-03-14', 0),
(5, 1, '1.5', '完成《系统详细设计》', 'xxx', 6, '2014-03-07', '2014-03-14', 0),
(6, 1, '2.1', '接口集群打通', 'xxx', 0, '2014-03-18', '2014-03-18', 0),
(7, 1, '2.2', 'Hbase功能点迁移', 'xxx', 1, '2014-03-18', '2014-03-18', 0),
(8, 1, '2.3', 'JAVA接口RSA加密算法重构', 'xxx', 2, '2014-03-19', '2014-03-20', 0),
(9, 1, '2.4', 'PHP DES解密，接口对接', 'xxx', 2, '2014-03-18', '2014-03-19', 0),
(10, 1, '2.5', 'Hbase AccountInfo定时数据录入', 'xxx', 2, '2014-03-18', '2014-03-19', 0),
(11, 1, '2.6', 'Java连接线上库公共方法', 'xxx', 1, '2014-03-20', '2014-03-20', 0),
(12, 1, '2.7', 'loginlog定时数据录入', 'xxx', 2, '2014-03-20', '2014-03-21', 0),
(13, 1, '2.8', '帐号信息Java接口', 'xxx', 1, '2014-03-21', '2014-03-21', 0),
(14, 1, '2.9', '角色道具Java接口', 'xxx', 1, '2014-03-24', '2014-03-24', 0),
(15, 1, '2.10', '帐号信息功能模块（前后台）', 'xxx', 0, '2014-03-24', '2014-03-24', 0),
(16, 1, '2.11', '登录日志Java接口', 'xxx', 0, '2014-03-25', '2014-03-25', 0),
(17, 1, '2.12', '角色信息功能模块（前后台）', 'xxx', 0, '2014-03-25', '2014-03-25', 0),
(18, 1, '2.13', '帐号登录日志功能模块（前后台）', 'xxx', 0, '2014-03-26', '2014-03-26', 0),
(19, 1, '测评', 'QA/需求方测试与评审', 'xxx', 0, '2014-03-27', '2014-04-03', 0),
(20, 1, '3.1', '角色特殊字符在不同浏览器下处理问题', 'xxx', 0.5, '2014-04-08', '2014-04-08', 0),
(21, 1, '3.2', 'Hbase角色交易数据准备&定时入库', 'xxx', 1, '2014-04-08', '2014-04-08', 0),
(22, 1, '3.3', '基于Hbase的Java接口实现', 'xxx', 0.5, '2014-04-09', '2014-04-09', 0),
(23, 1, '3.4', 'GM工具角色交易日志前端实现', 'xxx', 0.5, '2014-04-09', '2014-04-09', 0),
(24, 1, '3.5', '基于Hbase的物品流向物品流向算法实现', 'xxx', 0.5, '2014-04-10', '2014-04-11', 0),
(25, 1, '3.6', '基于Hbase的物品流向接口实现', 'xxx', 2, '2014-04-15', '2014-04-15', 0),
(26, 1, '测评', 'QA/需求方测试与评审', 'xxx', 0, '2014-04-21', '2014-04-28', 0),
(27, 1, '4.1', '串联帐号/角色/物品交易记录', 'xxx', 0, '2014-04-29', '2014-04-29', 0),
(28, 1, '4.2', '根据时间范围与装备名称模糊匹配，获得物品的GID，并完成物品流向查询', 'xxx', 0, '2014-04-30', '2014-04-30', 0),
(29, 1, '4.3', '查询最终流向帐号的玩家物品信息', 'xxx', 0, '2014-05-01', '2014-05-01', 0),
(30, 1, '4.4', '开放恶意找回检测API，允许系统智能化判断是否为恶意找回', 'xxx', 0, '2014-05-02', '2014-05-02', 0),
(31, 1, '测评', 'QA/需求方测试与评审', 'xxx', 0, '2014-05-03', '2014-05-09', 0),
(32, 1, '3.7', 'GM工具物品流向节点实现', 'xxx', 1, '2014-04-14', '2014-04-14', 0),
(33, 1, '3.8', '图形展示插件选择与实际效果需求方认可', 'xxx', 1, '2014-04-15', '2014-04-15', 0),
(34, 1, '3.9', '恶意找回检测API接口', 'xxx', 0.5, '2014-04-14', '2014-04-14', 0),
(35, 1, '3.10', 'GM工具物品流向节点实现(图形)', 'xxx', 2, '2014-04-16', '2014-04-17', 0),
(36, 1, '3.11', 'GM工具系统引入Memcache缓存技术,提高效率', 'xxx', 1, '2014-04-18', '2014-04-18', 0);

-- --------------------------------------------------------

--
-- 表的结构 `tools_setup`
--

CREATE TABLE IF NOT EXISTS `tools_setup` (
  `id` int(11) NOT NULL AUTO_INCREMENT COMMENT 'ID',
  `bname` varchar(50) NOT NULL COMMENT '项目名称',
  `describ` varchar(500) NOT NULL COMMENT '项目概述',
  `background` varchar(500) NOT NULL COMMENT '背景',
  `demand` varchar(500) NOT NULL COMMENT '需求',
  `meaning` varchar(500) NOT NULL COMMENT '意义',
  `other` text NOT NULL COMMENT '其他',
  `dwz` varchar(6) NOT NULL COMMENT '短网址',
  `rldwz` varchar(6) NOT NULL COMMENT '只读短网址',
  PRIMARY KEY (`id`)
) ENGINE=InnoDB  DEFAULT CHARSET=utf8 AUTO_INCREMENT=7 ;

--
-- 转存表中的数据 `tools_setup`
--

INSERT INTO `tools_setup` (`id`, `bname`, `describ`, `background`, `demand`, `meaning`, `other`, `dwz`, `rldwz`) VALUES
(1, 'GM工具', '通过Hadoop(Hive+Hbase)提供数据以及计算能力，迁移原GM工具的各项功能（完成当前客服部物品找回业务），提升运算的范围与速度，并将将原有的固定化流程用系统实现，达到提升使用部门处理业务的效率。', '原GM工具为吉比特提供的PC客户端程序，通过连接吉比特数据库的形式对玩家的数据进行相应查询，但工具因为年限以及技术问题无法提供更高效的查询与处理速度，目前已经达到瓶颈，影响部分部门的工作效率', '功能：帐号信息查询，角色信息查询，登录日志查询，物品交易日志查询，背包信息查询，封号，物品封服务器，物品转移操作，并可以将上述功能流程化运行。 \r<br/>性能：允许多人对同一区组同时进行相关数据查询(各单项业务10人同时查询，15s内返回所查询数据)\r<br/>输出：可以将部分相关的玩家数据导出为Excel\r<br/>输入：手工输入或SYS工单提供的数据(玩家帐号/玩家角色/丢失物品/时间范围)\r<br/>安全：每人每号且可由高权限用户自由分配权限', '	解决原工具所遇到的部分无法使用/查询缓慢问题\r<br/>	新系统通过Hadoop(Hive+Hbase)提供强大的数据支撑，避免对线上游戏产生影响，并可以同时对同一区组进行数据查询\r<br/>	新系统将流程化工作一步到位，通过最终的运算，将业务所涉及到的所有数据一次性进行展示\r<br/>	通过定制化系统，可以智能判断是否为恶意找回等事项，减少客服部人员工作量', 'a:2:{s:4:"name";a:4:{i:1;s:24:"开发技术难点评估";i:2;s:18:"落地难点评估";i:3;s:24:"项目延期风险评估";i:4;s:30:"项目价值打折风险评估";}s:5:"value";a:4:{i:1;s:80:"Hbase的数据稳定性，以及驾驭能力，前端的联动性等技术难点";i:2;s:39:"客服部使用培训与习惯的改变";i:3;s:65:"Hbase未进行过实际业务的场景应用，可能存在风险";i:4;s:326:"	Hadoop集群的稳定性影响数据查询的准确 	Hive查询的预备时间，可能影响结果的查询速度 	客服部员工的使用习惯改变 	Hadoop集群夜间计算能力欠佳 	多人同时操作Hadoop集群时可能造成数据查询缓慢 	Hbase数据暂未全部录入，且暂未流程化";}}', 'efuEx1', 'k0WPo1'),
(2, 'hahahah', 'hahahahah', 'haahhahaha', '功能：\r<br/>性能：\r<br/>输出：\r<br/>输入：\r<br/>安全：', '', 'a:2:{s:4:"name";a:0:{}s:5:"value";a:0:{}}', '3lmzs', 'XuUKF'),
(3, '123321312', '321321312fsafsa', '321231321fasfasf', '312321132asasfa', '321132132fasfas', 'a:2:{s:4:"name";a:0:{}s:5:"value";a:0:{}}', '4DzAC1', 'gkxpG2'),
(4, 'hahahahah', 'hahaha', 'haaha', 'haahha', 'ahahah', 'a:2:{s:4:"name";a:0:{}s:5:"value";a:0:{}}', 'lo3Nx1', '1LiDb4'),
(5, 'hahahahah', 'hahaha', 'haaha', 'haahha', 'ahahah', 'a:2:{s:4:"name";a:0:{}s:5:"value";a:0:{}}', '1J9xo2', '1IoZf2'),
(6, 'XX工具', '通过Hadoop(Hive+Hbase)提供数据以及计算能力，迁移原XX工具的各项功能（完成当前XXXX业务），提升运算的范围与速度，并将将原有的固定化流程用系统实现，达到提升使用部门处理业务的效率。', '原XX工具为XXX提供的PC客户端程序，通过连接XXX数据库的形式对玩家的数据进行相应查询，但工具因为年限以及技术问题无法提供更高效的查询与处理速度，目前已经达到瓶颈，影响部分部门的工作效率', '功能：帐号信息查询，角色信息查询，登录日志查询，物品交易日志查询，背包信息查询，封号，物品封服务器，物品转移操作，并可以将上述功能流程化运行。 \r<br/>性能：允许多人对同一区组同时进行相关数据查询(各单项业务10人同时查询，15s内返回所查询数据)\r<br/>输出：可以将部分相关的玩家数据导出为Excel\r<br/>输入：手工输入或SYS工单提供的数据(玩家帐号/玩家角色/丢失物品/时间范围)\r<br/>安全：每人每号且可由高权限用户自由分配权限', '	解决原工具所遇到的部分无法使用/查询缓慢问题\r<br/>	新系统通过Hadoop(Hive+Hbase)提供强大的数据支撑，避免对线上游戏产生影响，并可以同时对同一区组进行数据查询\r<br/>	新系统将流程化工作一步到位，通过最终的运算，将业务所涉及到的所有数据一次性进行展示\r<br/>	通过定制化系统，可以智能判断是否为恶意找回等事项，减少XX人员工作量', 'a:2:{s:4:"name";a:4:{i:1;s:24:"开发技术难点评估";i:2;s:18:"落地难点评估";i:3;s:24:"项目延期风险评估";i:4;s:30:"项目价值打折风险评估";}s:5:"value";a:4:{i:1;s:80:"Hbase的数据稳定性，以及驾驭能力，前端的联动性等技术难点";i:2;s:33:"XXX使用培训与习惯的改变";i:3;s:65:"Hbase未进行过实际业务的场景应用，可能存在风险";i:4;s:320:"	Hadoop集群的稳定性影响数据查询的准确 	Hive查询的预备时间，可能影响结果的查询速度 	XXX员工的使用习惯改变 	Hadoop集群夜间计算能力欠佳 	多人同时操作Hadoop集群时可能造成数据查询缓慢 	Hbase数据暂未全部录入，且暂未流程化";}}', '18v4N4', '1Xcfl3');

-- --------------------------------------------------------

--
-- 表的结构 `tools_tasks`
--

CREATE TABLE IF NOT EXISTS `tools_tasks` (
  `id` int(11) NOT NULL AUTO_INCREMENT COMMENT 'ID',
  `bname` varchar(25) NOT NULL COMMENT '名称',
  `begintime` date NOT NULL COMMENT '开始时间',
  `endtime` date NOT NULL COMMENT '结束时间',
  `exceptdays` varchar(100) NOT NULL COMMENT '排除日期',
  `dwz` varchar(6) NOT NULL COMMENT '短网址',
  `rldwz` varchar(6) NOT NULL COMMENT '只读短网址',
  PRIMARY KEY (`id`),
  UNIQUE KEY `dwz` (`dwz`)
) ENGINE=InnoDB  DEFAULT CHARSET=utf8 COMMENT='面板表' AUTO_INCREMENT=25 ;

--
-- 转存表中的数据 `tools_tasks`
--

INSERT INTO `tools_tasks` (`id`, `bname`, `begintime`, `endtime`, `exceptdays`, `dwz`, `rldwz`) VALUES
(1, 'GM工具(第一次迭代)', '2014-03-18', '2014-03-26', '["2014-03-22","2014-03-23"]', '1psvu3', '5inSE1'),
(2, '', '0000-00-00', '0000-00-00', 'null', 'iO6lI1', '1HiAw2'),
(3, '', '0000-00-00', '0000-00-00', 'null', '1USUT4', '1XA6Z3'),
(4, '', '0000-00-00', '0000-00-00', 'null', 'QXfjB2', 'tPwNs'),
(5, '', '0000-00-00', '0000-00-00', 'null', 'zoGBB1', '11TWD4'),
(6, '', '0000-00-00', '0000-00-00', 'null', 'wk6lC2', '1owvl3'),
(7, '', '0000-00-00', '0000-00-00', 'null', '1uTv54', '1ACXx3'),
(8, '', '0000-00-00', '0000-00-00', 'null', 'aTckr1', '1xvft2'),
(9, '', '0000-00-00', '0000-00-00', 'null', 'vQ0gC1', 'kR9oj1'),
(10, '', '0000-00-00', '0000-00-00', 'null', '1ITRe3', '1R1f33'),
(11, '', '0000-00-00', '0000-00-00', 'null', 'y4Ejc1', 'rjWQA1'),
(12, '', '0000-00-00', '0000-00-00', 'null', '1CNBZ4', 'fy0f9'),
(13, '', '0000-00-00', '0000-00-00', 'null', 'yQHoU', '1T1ed3'),
(14, '', '0000-00-00', '0000-00-00', 'null', 'WPwdx', '1nYbW2'),
(15, '', '0000-00-00', '0000-00-00', 'null', '12Oba3', '16iKM4'),
(16, '', '0000-00-00', '0000-00-00', 'null', '1yq3z2', 'TQGun1'),
(17, '', '0000-00-00', '0000-00-00', 'null', '14kIj2', '1p9HN4'),
(18, '', '0000-00-00', '0000-00-00', 'null', '1HXc34', '1JAvT2'),
(19, '', '0000-00-00', '0000-00-00', 'null', '1yhJQ4', '13kaY2'),
(20, '', '0000-00-00', '0000-00-00', 'null', '1NQ6W4', 'mq0LY'),
(21, '', '0000-00-00', '0000-00-00', 'null', 'zkYzZ', '1jQe03'),
(22, 'GM工具(第二次迭代)', '2014-04-08', '2014-04-18', '["2014-04-12","2014-04-13"]', '1Zu2Y3', '1K8403'),
(23, 'afdasfd', '2014-04-17', '2014-04-19', '["2014-04-18"]', '6O9RJ1', 'DHm4'),
(24, 'sda', '2014-04-11', '2014-04-19', '["2014-04-15"]', 'JdZXX1', '1rkNk2');

-- --------------------------------------------------------

--
-- 表的结构 `tools_tasks_list`
--

CREATE TABLE IF NOT EXISTS `tools_tasks_list` (
  `id` int(11) NOT NULL AUTO_INCREMENT COMMENT 'ID',
  `fid` int(11) NOT NULL COMMENT '面板ID',
  `story` varchar(50) NOT NULL COMMENT '故事',
  `owner` varchar(15) NOT NULL COMMENT '拥有者',
  `expendt` date NOT NULL COMMENT '预计完成',
  `workload` varchar(255) NOT NULL COMMENT '???',
  `is_del` int(11) NOT NULL DEFAULT '0' COMMENT '是否删除(1:删除,0:正常)',
  PRIMARY KEY (`id`),
  KEY `fid` (`fid`)
) ENGINE=InnoDB  DEFAULT CHARSET=utf8 COMMENT='故事表' AUTO_INCREMENT=45 ;

--
-- 转存表中的数据 `tools_tasks_list`
--

INSERT INTO `tools_tasks_list` (`id`, `fid`, `story`, `owner`, `expendt`, `workload`, `is_del`) VALUES
(1, 1, '接口集群打通', 'xxx', '2014-03-18', '{"03-18":"0.1","03-19":"0","03-20":"0","03-21":"0","03-24":"0","03-25":"1","03-26":"0"}', 0),
(2, 1, 'Hbase功能点迁移', 'xxx', '2014-03-18', '{"03-18":"1","03-19":"0.2","03-20":"0.2","03-21":"0","03-24":"0","03-25":"0","03-26":"0"}', 0),
(3, 1, 'JAVA接口RSA加密算法重构', 'xxx', '2014-03-19', '{"03-18":"0.5","03-19":"0.5","03-20":"0.2","03-21":"0","03-24":"0","03-25":"0","03-26":"0"}', 0),
(4, 1, 'PHP DES解密，接口对接', 'xxx', '2014-03-20', '{"03-18":"1","03-19":"0.2","03-20":"0","03-21":"0","03-24":"0","03-25":"0","03-26":"0"}', 0),
(5, 1, 'Hbase AccountInfo定时数据录入', 'xxx', '2014-03-20', '{"03-18":"0.5","03-19":"0.5","03-20":"0.5","03-21":"0.3","03-24":"0","03-25":"0","03-26":"0"}', 0),
(6, 1, 'Java连接线上库公共方法', 'xxx', '2014-03-21', '{"03-18":"1","03-19":"1","03-20":"1","03-21":"0.5","03-24":"0.1","03-25":"0","03-26":"0"}', 0),
(7, 1, 'loginlog定时数据录入', 'xxx', '2014-03-21', '{"03-18":"0.5","03-19":"0.5","03-20":"0.5","03-21":"0.3","03-24":"0","03-25":"0","03-26":"0"}', 0),
(8, 1, '帐号信息Java接口', 'xxx', '2014-03-24', '{"03-18":"1","03-19":"0.5","03-20":"0.5","03-21":"0.5","03-24":"0.5","03-25":"0.5","03-26":"0"}', 0),
(9, 1, '角色道具Java接口', 'xxx', '2014-03-24', '{"03-18":"0.5","03-19":"0.5","03-20":"0.5","03-21":"0.5","03-24":"0.5","03-25":"0.5","03-26":"0"}', 0),
(10, 1, '帐号信息功能模块（前后台）', 'xxx', '2014-03-25', '{"03-18":"0.5","03-19":"0.5","03-20":"0.4","03-21":"0.4","03-24":"0.4","03-25":"0.4","03-26":"0"}', 0),
(11, 1, '登录日志Java接口', 'xxx', '2014-03-25', '{"03-18":"0.5","03-19":"0.5","03-20":"0.5","03-21":"0.5","03-24":"0.5","03-25":"0.5","03-26":"1"}', 0),
(12, 1, '角色信息功能模块（前后台）', 'xxx', '2014-03-25', '{"03-18":"0.5","03-19":"0.5","03-20":"0.4","03-21":"0.4","03-24":"0.4","03-25":"0.1","03-26":"2"}', 0),
(13, 1, '帐号登录日志功能模块（前后台）', 'xxx', '2014-03-26', '{"03-18":"0.2","03-19":"1","03-20":"4","03-21":"1","03-24":"1","03-25":"1","03-26":"0"}', 0),
(14, 2, '', '', '0000-00-00', 'null', 0),
(15, 3, '', '', '0000-00-00', 'null', 0),
(16, 4, '', '', '0000-00-00', 'null', 0),
(17, 5, '', '', '0000-00-00', 'null', 0),
(18, 6, '', '', '0000-00-00', 'null', 0),
(19, 7, '', '', '0000-00-00', 'null', 0),
(20, 8, '', '', '0000-00-00', 'null', 0),
(21, 9, '', '', '0000-00-00', 'null', 0),
(22, 10, '', '', '0000-00-00', 'null', 0),
(23, 13, '', '', '0000-00-00', 'null', 0),
(24, 14, '', '', '0000-00-00', 'null', 0),
(25, 15, '', '', '0000-00-00', 'null', 0),
(26, 16, '', '', '0000-00-00', 'null', 0),
(27, 17, '', '', '0000-00-00', 'null', 0),
(28, 18, '', '', '0000-00-00', 'null', 0),
(29, 19, '', '', '0000-00-00', 'null', 0),
(30, 20, '', '', '0000-00-00', 'null', 0),
(31, 21, '', '', '0000-00-00', 'null', 0),
(32, 22, '角色特殊字符在不同浏览器下处理问题', 'xxx', '2014-04-08', '{"04-08":"0.5","04-09":"0","04-10":"0","04-11":"","04-14":"","04-15":"","04-16":"","04-17":"","04-18":""}', 0),
(33, 22, 'Hbase角色交易数据准备&定时入库', 'xxx', '2014-04-08', '{"04-08":"1","04-09":"1","04-10":"1","04-11":"","04-14":"","04-15":"","04-16":"","04-17":"","04-18":""}', 0),
(34, 23, 'adfsdfa', 'adsf', '2014-04-04', '{"04-17":"1","04-19":"2"}', 0),
(35, 24, 'sad', 'dsa', '2014-04-10', '{"04-11":"5","04-12":"3","04-13":"2","04-14":"","04-16":"","04-17":"","04-18":"","04-19":""}', 0),
(36, 22, '基于Hbase的Java接口实现', 'xxx', '2014-04-09', '{"04-08":"0.5","04-09":"0.2","04-10":"0.2","04-11":"","04-14":"","04-15":"","04-16":"","04-17":"","04-18":""}', 0),
(37, 22, 'GM工具角色交易日志前端实现', 'xxx', '2014-04-09', '{"04-08":"0.5","04-09":"0.5","04-10":"0.5","04-11":"","04-14":"","04-15":"","04-16":"","04-17":"","04-18":""}', 0),
(38, 22, '基于Hbase的物品流向物品流向算法实现', 'xxx', '2014-04-09', '{"04-08":"0.5","04-09":"0.5","04-10":"0.5","04-11":"","04-14":"","04-15":"","04-16":"","04-17":"","04-18":""}', 0),
(39, 22, '基于Hbase的物品流向接口实现', 'xxx', '2014-04-11', '{"04-08":"2","04-09":"2","04-10":"2","04-11":"","04-14":"","04-15":"","04-16":"","04-17":"","04-18":""}', 0),
(40, 22, 'GM工具物品流向节点实现', 'xxx', '2014-04-14', '{"04-08":"1","04-09":"1","04-10":"1","04-11":"","04-14":"","04-15":"","04-16":"","04-17":"","04-18":""}', 0),
(41, 22, '图形展示插件选择与实际效果需求方认可', 'xxx', '2014-04-14', '{"04-08":"1","04-09":"1","04-10":"1","04-11":"","04-14":"","04-15":"","04-16":"","04-17":"","04-18":""}', 0),
(42, 22, '恶意找回检测API接口', 'xxx', '2014-04-14', '{"04-08":"0.5","04-09":"0.5","04-10":"0.5","04-11":"","04-14":"","04-15":"","04-16":"","04-17":"","04-18":""}', 0),
(43, 22, 'GM工具物品流向节点实现(图形)', 'xxx', '2014-04-17', '{"04-08":"2","04-09":"2","04-10":"2","04-11":"","04-14":"","04-15":"","04-16":"","04-17":"","04-18":""}', 0),
(44, 22, 'GM工具系统引入Memcache缓存技术,提高效率', 'xxx', '2014-04-18', '{"04-08":"1","04-09":"1","04-10":"1","04-11":"","04-14":"","04-15":"","04-16":"","04-17":"","04-18":""}', 0);

/*!40101 SET CHARACTER_SET_CLIENT=@OLD_CHARACTER_SET_CLIENT */;
/*!40101 SET CHARACTER_SET_RESULTS=@OLD_CHARACTER_SET_RESULTS */;
/*!40101 SET COLLATION_CONNECTION=@OLD_COLLATION_CONNECTION */;
